Date,FUND_NET_ASSET_VAL,TOT_RETURN_INDEX_GROSS_DVDS,ALL_BROKERS_ADV_TOT_AGGR_VOL,FUND_FLOW,PX_LAST,TURNOVER,PX_VOLUME,AVERAGE_BID_ASK_SPREAD
11/3/2023,53.5757,73.2044,820076,-79.0241,53.59,3.10E+08,5772803,0.0101
11/2/2023,53.3433,72.8765,767656,8.0015,53.35,1.89E+08,3549827,0.01
11/1/2023,52.644,72.0296,771704,28.9542,52.73,1.95E+08,3722592,0.0102
10/31/2023,52.243,71.3934,719239,40.7664,52.2611,1.82E+08,3473010,0.01
10/30/2023,51.778,70.715,754704,-10.4267,51.7645,1.71E+08,3296354,0.01
10/27/2023,51.168,69.8874,1029216,63.1113,51.1587,2.49E+08,4815090,0.01
10/26/2023,51.5797,70.4708,965762,0,51.5857,2.21E+08,4238360,0.01
10/25/2023,51.9588,71.0271,1239067,19.6184,51.9929,2.26E+08,4311794,0.01
10/24/2023,52.4776,71.719,914996,50.1961,52.4994,1.84E+08,3484229,0.01
10/23/2023,52.1233,71.2306,732783,0,52.1419,1.66E+08,3146034,0.01
10/20/2023,52.3277,71.4748,841799,6.5859,52.3207,1.80E+08,3403501,0.01
10/19/2023,52.7752,72.1125,917975,0,52.7875,2.22E+08,4153708,0.01
10/18/2023,53.1873,72.6416,664577,36.148,53.1748,1.63E+08,3029292,0.01
10/17/2023,53.6814,73.3471,690802,0,53.6913,1.57E+08,2903716,0.01
10/16/2023,53.5568,73.1708,624387,0,53.5621,1.72E+08,3184078,0.0101
10/13/2023,53.0702,72.5331,941506,8.0152,53.0953,1.84E+08,3437035,0.0101
10/12/2023,53.0923,72.5466,975473,0,53.1053,1.82E+08,3391245,0.0101
10/11/2023,53.3788,72.9401,766289,-1.3436,53.3933,1.45E+08,2707299,0.01
10/10/2023,53.2113,72.7095,762445,-32.146,53.2245,1.75E+08,3272903,0.0101
10/9/2023,52.9199,72.3024,610871,0,52.9265,1.33E+08,2503240,0.0101
10/6/2023,52.6345,71.9225,912085,-1.3249,52.6484,2.51E+08,4768293,0.0101
10/5/2023,52.2128,71.3527,946726,-7.8857,52.2313,2.21E+08,4213067,0.01
10/4/2023,52.4246,71.6919,877305,84.4555,52.4796,3.18E+08,6039204,0.0101
10/3/2023,52.0649,71.0949,2325076,34.0746,52.0426,3.98E+08,7589436,0.0101
10/2/2023,52.5919,71.8547,972206,55.6007,52.5988,2.53E+08,4792900,0.0101
9/29/2023,52.7873,72.1736,717860,61.5398,52.8338,2.51E+08,4681324,0.0101
9/28/2023,52.9833,72.4027,716271,102.0519,53.0015,2.69E+08,5007270,0.01
9/27/2023,52.777,72.0928,542253,93.6293,52.7746,2.51E+08,4692620,0.0099
9/26/2023,52.8622,72.2275,1677918,85.7421,52.8733,3.05E+08,5683251,0.01
9/25/2023,53.5394,73.1573,665298,0,53.5539,1.63E+08,3006286,0.01
9/22/2023,53.3918,72.9821,805416,101.4857,53.4257,1.93E+08,3547790,0.0099
9/21/2023,53.4318,73.0495,1011875,0,53.475,2.39E+08,4383791,0.0099
9/20/2023,54.1988,74.0871,720548,10.9887,54.2345,1.82E+08,3292854,0.0102
9/19/2023,54.3737,74.3431,743699,104.7301,54.422,2.06E+08,3740487,0.01
9/18/2023,54.5036,74.4914,615223,-2.7626,54.5305,1.40E+08,2533192,0.01
9/15/2023,54.4222,74.3701,743246,49.6532,54.4417,1.92E+08,3465192,0.0101
9/14/2023,54.8344,74.9091,752847,0,54.8363,1.50E+08,2703819,0.01
9/13/2023,54.4947,74.4914,971516,89.771,54.5305,1.70E+08,3085085,0.01
9/12/2023,54.3964,74.3566,1039653,13.786,54.4318,1.81E+08,3269573,0.0099
9/11/2023,54.6208,74.6531,1082229,38.7601,54.6488,1.79E+08,3234772,0.0099
9/8/2023,54.4021,74.3566,955123,44.1199,54.4318,1.78E+08,3233708,0.0099
9/7/2023,54.3809,74.3027,1099847,62.0194,54.3924,2.73E+08,4945002,0.0099
9/6/2023,54.2434,74.1949,1334062,41.2417,54.3135,2.24E+08,4071135,0.0099
9/5/2023,54.2845,74.1949,816905,-1.3758,54.3135,1.64E+08,2965756,0.0099
9/1/2023,54.6073,74.5992,807817,47.0542,54.6094,1.75E+08,3164929,0.01
8/31/2023,54.457,74.4543,1046165,59.7091,54.5027,2.27E+08,4070579,0.0099
8/30/2023,54.6016,74.6418,1385168,37.5914,54.64,2.44E+08,4378491,0.0099
8/29/2023,54.4736,74.4409,736505,76.3954,54.4929,2.15E+08,3871605,0.0099
8/28/2023,54.0584,73.8784,727372,60.6505,54.0811,2.09E+08,3789621,0.0098
8/25/2023,53.7993,73.5301,493044,31.5517,53.8262,1.83E+08,3348722,0.0102
8/24/2023,53.397,72.981,616840,17.7002,53.4242,1.75E+08,3200687,0.0099
8/23/2023,53.8481,73.5569,833594,87.8757,53.8458,1.87E+08,3412955,0.01
8/22/2023,53.4241,73.0078,914440,40.8674,53.4438,1.97E+08,3604946,0.01
8/21/2023,53.5119,73.1417,709546,10.9159,53.5419,1.57E+08,2877566,0.0099
8/18/2023,53.4234,73.0078,721643,0,53.4438,1.80E+08,3313402,0.0099
8/17/2023,53.4248,73.0078,946854,-125.328,53.4438,2.10E+08,3834165,0.0099
8/16/2023,53.7591,73.423,920292,113.7755,53.7478,3.59E+08,6538085,0.0099
8/15/2023,54.0154,73.8382,1000515,8.2639,54.0517,2.03E+08,3682900,0.0099
8/14/2023,54.563,74.548,809267,34.7822,54.5713,1.82E+08,3269030,0.0099
8/11/2023,54.3829,74.3605,606842,4.1601,54.4341,1.62E+08,2922162,0.01
8/10/2023,54.3206,74.24,966577,9.6957,54.3458,2.21E+08,3977648,0.0098
8/9/2023,54.2476,74.1328,834833,-6.9162,54.2674,1.69E+08,3050578,0.0099
8/8/2023,54.3324,74.2534,1042579,29.0936,54.3556,2.53E+08,4570363,0.0099
8/7/2023,54.5228,74.4945,1468773,-2.7805,54.5321,2.29E+08,4127016,0.0099
8/4/2023,54.015,73.8382,1276309,-23.4143,54.0517,2.75E+08,4962703,0.0098
8/3/2023,54.2028,74.0659,1050748,-37.3168,54.2184,2.30E+08,4161298,0.0099
8/2/2023,54.3252,74.1596,1226861,-16.6227,54.287,2.55E+08,4596861,0.0099
8/1/2023,54.4866,74.4275,1258720,113.9258,54.4831,2.20E+08,3966334,0.0098
7/31/2023,54.4267,74.4536,1150780,79.5185,54.5024,2.84E+08,5094748,0.0098
7/28/2023,54.4183,74.3737,1190228,51.6093,54.4438,2.43E+08,4359121,0.0098
7/27/2023,54.2608,74.2138,1178600,123.782,54.3268,2.84E+08,5089890,0.0098
7/26/2023,54.4969,74.4936,1073635,34.9215,54.5316,2.41E+08,4311634,0.0099
7/25/2023,54.4578,74.387,1053586,73.9805,54.4536,2.60E+08,4649543,0.0099
7/24/2023,54.4948,74.5069,1149703,-231.87,54.5414,4.41E+08,7898198,0.0098
7/21/2023,54.5003,74.4536,904838,86.6108,54.5024,1.99E+08,3560848,0.0098
7/20/2023,54.2931,74.1738,1605730,-15.308,54.2975,2.43E+08,4363114,0.0098
7/19/2023,54.0837,73.9207,1341283,36.043,54.1122,2.51E+08,4522552,0.0098
7/18/2023,54.0323,73.8141,1173057,77.5574,54.0342,2.48E+08,4478855,0.0098
7/17/2023,54.0093,73.7875,974991,27.6873,54.0147,2.50E+08,4518853,0.0098
7/14/2023,53.9493,73.7075,919391,23.508,53.9562,2.23E+08,4039335,0.0098
7/13/2023,53.8432,73.5343,1532751,77.2859,53.8294,2.69E+08,4867854,0.0098
7/12/2023,53.8438,73.5876,1492533,133.8715,53.8684,3.37E+08,6094830,0.0098
7/11/2023,53.6653,73.3478,1191934,27.5109,53.6928,2.25E+08,4096551,0.0098
7/10/2023,53.517,73.0946,1386301,35.6653,53.5075,2.55E+08,4643747,0.0098
7/7/2023,53.1876,72.7082,1071002,32.7192,53.2247,2.21E+08,4042193,0.0099
7/6/2023,53.3726,72.8814,1187940,-6.8402,53.3514,2.72E+08,4975015,0.0099
7/5/2023,53.5745,73.2145,906399,54.9287,53.5953,1.97E+08,3590615,0.0098
7/3/2023,53.6259,73.2811,9900,#N/A N/A,53.6441,1.60E+08,2907693,0.0103
6/30/2023,53.5811,73.2424,644366,0,53.6155,4.24E+08,7666305,0.0098
6/29/2023,53.3349,72.885,1356725,190.7661,53.3538,2.51E+08,4573050,0.0098
6/28/2023,53.1251,72.6202,1013769,125.217,53.16,2.77E+08,5060953,0.0097
6/27/2023,53.2332,72.7526,1018341,91.8301,53.2569,2.74E+08,4989623,0.0097
6/26/2023,53.026,72.5143,1128155,148.3258,53.0825,2.26E+08,4131122,0.0097
6/23/2023,52.8983,72.329,868474,97.131,52.9468,2.07E+08,3785310,0.0098
6/22/2023,53.0418,72.5011,903672,60.0489,53.0728,1.91E+08,3496964,0.0099
6/21/2023,53.0588,72.4878,778242,84.8439,53.0631,2.06E+08,3765347,0.0098
6/20/2023,52.9508,72.3687,838208,68.4445,52.9759,2.09E+08,3827748,0.0099
6/16/2023,53.1472,72.607,812338,20.4915,53.1503,1.95E+08,3558581,0.0097
6/15/2023,53.091,72.5408,732185,122.0341,53.1019,2.38E+08,4341776,0.0097
6/14/2023,52.8324,72.1569,973329,13.6972,52.8209,2.51E+08,4593336,0.0099
6/13/2023,52.9192,72.2893,873593,39.5284,52.9178,2.35E+08,4313274,0.0098
6/12/2023,52.7863,72.1701,1107558,73.7255,52.8306,2.23E+08,4099738,0.0097
6/9/2023,52.7389,72.0642,1062960,-6.8093,52.753,3.52E+08,6459155,0.0097
6/8/2023,52.8152,72.1569,902858,-146.949,52.8209,1.88E+08,3450135,0.0097
6/7/2023,52.7172,72.0245,950324,27.2521,52.724,2.54E+08,4669403,0.0097
6/6/2023,52.592,71.8789,1282838,32.6418,52.6174,2.37E+08,4366755,0.0097
6/5/2023,52.6483,72.0245,1007548,65.1286,52.724,3.27E+08,6011962,0.0098
6/2/2023,52.6756,71.9716,1150622,35.3157,52.6852,2.80E+08,5167462,0.0097
6/1/2023,52.2589,71.3759,1037449,23.103,52.2492,2.69E+08,4999529,0.0098
5/31/2023,51.9894,71.0269,925602,109.2083,51.992,3.10E+08,5734473,0.0097
5/30/2023,52.0006,71.0664,818940,126.9406,52.0209,3.16E+08,5850201,0.0097
5/26/2023,52.0879,71.1847,1094275,90.4985,52.1075,2.53E+08,4665938,0.0097
5/25/2023,51.8478,70.856,926214,69.0026,51.8669,2.75E+08,5107955,0.0097
5/24/2023,51.7986,70.8034,994761,63.2975,51.8284,2.86E+08,5310616,0.0097
5/23/2023,52.2524,71.4214,1024894,157.4209,52.2807,2.99E+08,5497687,0.0097
5/22/2023,52.6922,72.013,1058279,31.2171,52.7138,2.28E+08,4157155,0.0097
5/19/2023,52.7908,72.1577,865013,38.3232,52.8197,3.85E+08,7014158,0.0097
5/18/2023,52.7646,72.1051,741547,-50.7363,52.7812,2.47E+08,4526271,0.0097
5/17/2023,52.6068,71.921,736877,12.3351,52.6465,3.71E+08,6800703,0.0097
5/16/2023,52.1954,71.3425,891710,-42.3606,52.223,4.28E+08,7857243,0.0097
5/15/2023,52.6488,71.9342,1165781,257.5991,52.6561,1.81E+08,3311253,0.0096
5/12/2023,52.6066,71.8421,736603,92.9942,52.5887,1.77E+08,3242595,0.0097
5/11/2023,52.55,71.8027,664202,30.0623,52.5598,1.85E+08,3383588,0.0097
5/10/2023,52.6446,71.8947,702414,35.4899,52.6272,1.99E+08,3639441,0.0097
5/9/2023,52.4772,71.7238,1054338,62.9028,52.5021,1.82E+08,3326297,0.0097
5/8/2023,52.6269,71.921,833011,9.5417,52.6465,2.03E+08,3708272,0.0097
5/5/2023,52.646,71.9473,793368,144.9013,52.6657,2.44E+08,4470569,0.0098
5/4/2023,52.0608,71.1847,992249,20.5123,52.1075,2.59E+08,4792256,0.0097
5/3/2023,52.3084,71.5266,960975,0,52.3577,2.65E+08,4841015,0.01
5/2/2023,52.6381,71.9999,1076376,144.0241,52.7042,2.82E+08,5161694,0.0097
5/1/2023,52.9974,72.4075,1091515,19.1419,53.0026,2.32E+08,4217533,0.0097
4/28/2023,52.8684,72.2841,1113898,88.1034,52.9115,2.80E+08,5066154,0.0096
4/27/2023,52.4988,71.7491,1270360,153.6097,52.5199,3.76E+08,6862485,0.0096
4/26/2023,51.7853,70.7445,1241858,186.8906,51.7845,2.92E+08,5363748,0.0096
4/25/2023,52.1757,71.3316,1043038,104.3751,52.2143,2.55E+08,4652480,0.0096
4/24/2023,52.6624,71.9709,1129676,113.3564,52.6823,2.68E+08,4858351,0.0096
4/21/2023,52.5827,71.8666,1066930,100.6289,52.6059,2.32E+08,4211453,0.0096
4/20/2023,52.4923,71.723,828471,130.7572,52.5008,2.33E+08,4249681,0.0096
4/19/2023,52.4883,71.6969,1028259,52.213,52.4817,2.05E+08,3737112,0.0096
4/18/2023,52.4408,71.6839,803385,70.07,52.4722,1.95E+08,3548082,0.0096
4/17/2023,52.4552,71.6317,1014489,52.1618,52.434,1.96E+08,3572331,0.0096
4/14/2023,52.3058,71.4751,822078,118.0827,52.3194,1.71E+08,3115200,0.0096
4/13/2023,52.3877,71.5795,687461,46.5509,52.3958,2.05E+08,3740464,0.0097
4/12/2023,52.2198,71.3316,874241,56.2228,52.2143,2.09E+08,3823484,0.0096
4/11/2023,52.1565,71.2403,700829,76.546,52.1475,2.15E+08,3929169,0.0096
4/10/2023,52.0255,71.0446,868706,42.3224,52.0042,2.25E+08,4149312,0.0097
4/6/2023,51.9172,70.901,1159469,24.5125,51.8991,1.77E+08,3266949,0.0097
4/5/2023,51.8421,70.8488,866978,112.7947,51.8609,1.86E+08,3425166,0.0097
4/4/2023,51.7073,70.614,803890,5.428,51.689,1.99E+08,3678572,0.0096
4/3/2023,51.838,70.7967,908653,12.1813,51.8227,2.13E+08,3933586,0.0096
3/31/2023,51.6469,70.6607,856635,101.7674,51.7224,3.37E+08,6179842,0.0096
3/30/2023,51.3254,70.156,1118557,124.0337,51.353,2.32E+08,4289807,0.0095
3/29/2023,51.1292,69.8842,959511,83.9804,51.154,2.14E+08,3969244,0.0096
3/28/2023,50.7068,69.3018,898983,114.6943,50.7278,2.10E+08,3916341,0.0097
3/27/2023,50.6338,69.2371,1029738,96.3502,50.6804,2.09E+08,3910900,0.0096
3/24/2023,50.4421,68.9265,887563,42.7607,50.453,2.78E+08,5247757,0.0097
3/23/2023,50.0642,68.4089,661695,179.7136,50.0741,3.81E+08,7166913,0.0096
3/22/2023,49.9353,68.2795,924657,174.4036,49.9794,2.11E+08,3959890,0.01
3/21/2023,50.5567,69.1077,683741,60.6204,50.5857,1.99E+08,3745377,0.0097
3/20/2023,50.2435,68.603,758847,57.3722,50.2162,2.02E+08,3814665,0.0097
3/17/2023,49.7233,67.9818,916189,14.5857,49.7615,1.93E+08,3662531,0.0097
3/16/2023,50.2803,68.7453,615502,66.9243,50.3204,2.44E+08,4617494,0.0097
3/15/2023,49.6682,67.9559,820667,6.6347,49.7426,2.82E+08,5393146,0.0097
3/14/2023,50.0181,68.37,908229,34.0805,50.0457,2.43E+08,4611637,0.0097
3/13/2023,49.3911,67.5547,869983,77.8812,49.4489,3.07E+08,5874520,0.0103
3/10/2023,49.4303,67.4641,1104367,9.1243,49.3826,3.22E+08,6146291,0.01
3/9/2023,50.0247,68.383,1245563,22.1767,50.0552,2.70E+08,5065463,0.0096
3/8/2023,50.6494,69.2371,952492,42.2462,50.6804,2.11E+08,3948720,0.0098
3/7/2023,50.6205,69.1854,913065,46.7838,50.6425,3.72E+08,6938283,0.0096
3/6/2023,51.251,70.0266,1138758,128.2483,51.2582,2.05E+08,3773972,0.0095
3/3/2023,51.2147,69.923,1126028,29.7563,51.1825,2.42E+08,4499240,0.0098
3/2/2023,50.7419,69.3277,1043390,-10.8128,50.7467,1.84E+08,3459372,0.0096
3/1/2023,50.3143,68.7971,996279,10.713,50.3583,2.32E+08,4360343,0.0097
2/28/2023,50.5458,69.0782,972567,195.1922,50.5656,2.88E+08,5348012,0.0097
2/27/2023,50.7113,69.3478,1253613,193.5683,50.763,3.83E+08,7071670,0.0096
2/24/2023,50.5891,69.1552,1355982,179.3673,50.622,2.54E+08,4727841,0.0097
2/23/2023,50.9561,69.6817,1151158,118.3929,51.0074,2.20E+08,4055820,0.0095
2/22/2023,50.8666,69.5533,1044405,96.2146,50.9134,2.45E+08,4520806,0.0099
2/21/2023,50.987,69.746,1085375,91.9873,51.0544,2.98E+08,5479747,0.0099
2/17/2023,51.607,70.5036,1327722,104.4086,51.6091,2.16E+08,3952094,0.0098
2/16/2023,51.4594,70.3752,1261817,115.2853,51.5151,2.60E+08,4742182,0.0096
2/15/2023,51.753,70.7476,1394067,58.8464,51.7877,2.20E+08,4005242,0.0097
2/14/2023,51.6562,70.5679,1390723,93.5902,51.6561,2.71E+08,4925683,0.0096
2/13/2023,51.7648,70.7091,1881051,116.7691,51.7595,1.93E+08,3512007,0.0095
2/10/2023,51.4767,70.3367,1058678,156.9371,51.4869,2.39E+08,4380893,0.0105
2/9/2023,51.1148,69.9001,1432429,93.0906,51.1672,2.03E+08,3725138,0.0096
2/8/2023,51.3319,70.1441,1114377,54.3742,51.3458,2.39E+08,4377858,0.0098
2/7/2023,51.5069,70.3881,1264506,28.6677,51.5245,2.38E+08,4355460,0.0099
2/6/2023,51.4949,70.3624,1235495,58.9006,51.5057,2.52E+08,4600767,0.0097
2/3/2023,51.44,70.234,1439303,41.084,51.4117,4.55E+08,8327883,0.0096
2/2/2023,51.5196,70.555,1688920,158.6886,51.6467,5.32E+08,9691274,0.0097
2/1/2023,51.737,70.6834,1862835,0,51.7407,3.48E+08,6340438,0.0102
1/31/2023,51.6485,70.6657,1468021,96.3132,51.7276,3.89E+08,7036973,0.0099
1/30/2023,51.2486,70.0924,2055465,181.3866,51.3079,3.07E+08,5568170,0.0097
1/27/2023,51.2755,70.0924,1396971,215.7038,51.3079,3.07E+08,5570485,0.0097
1/26/2023,51.4018,70.309,1598067,142.9616,51.4665,5.34E+08,9693798,0.0098
1/25/2023,51.3982,70.2708,1683251,300.4076,51.4385,3.07E+08,5590147,0.0101
1/24/2023,51.4346,70.309,1518101,203.9321,51.4665,3.15E+08,5721266,0.0099
1/23/2023,51.3379,70.2198,1585162,219.2444,51.4012,3.54E+08,6425052,0.0098
1/20/2023,51.2986,70.0797,1807776,64.6863,51.2986,2.24E+08,4096376,0.0105
1/19/2023,50.8789,69.5956,1176806,105.8942,50.9443,2.40E+08,4390912,0.0102
1/18/2023,51.1752,69.9778,1198958,69.5638,51.224,3.20E+08,5801922,0.0098
1/17/2023,51.8059,70.7804,1352617,96.0359,51.8115,2.24E+08,4028733,0.0106
1/13/2023,51.9271,70.9587,1173756,34.7213,51.9421,2.02E+08,3628311,0.0102
1/12/2023,51.8335,70.7804,1213577,137.8179,51.8115,2.79E+08,5012990,0.0111
1/11/2023,51.739,70.7039,1397414,65.3107,51.7556,2.52E+08,4556383,0.0104
1/10/2023,51.408,70.309,1660423,49.9341,51.4665,2.57E+08,4676095,0.0103
1/9/2023,51.2602,70.0924,1476557,107.4981,51.3079,3.53E+08,6390574,0.0106
1/6/2023,51.4426,70.2963,1523221,122.3055,51.4571,2.70E+08,4908688,0.0123
1/5/2023,50.4774,69.0223,1418134,137.9111,50.5246,1.89E+08,3479956,0.0111
1/4/2023,51.0083,69.7357,1106839,52.7762,51.0468,1.93E+08,3526948,0.0118
1/3/2023,50.7272,69.3918,815362,98.4575,50.795,1.99E+08,3670129,0.0122
12/30/2022,50.7795,69.4172,638876,36.7181,50.8137,2.17E+08,4000273,0.0104
12/29/2022,51.0021,69.723,907678,89.848,51.0375,2.50E+08,4576856,0.0102
12/28/2022,50.4709,69.0259,1122846,82.038,50.5219,2.25E+08,4093167,0.0103
12/27/2022,50.9384,69.7193,941365,82.0421,51.0294,1.85E+08,3353391,0.0108
12/23/2022,50.8651,69.5554,799120,109.0226,50.9095,1.71E+08,3100635,0.0121
12/22/2022,50.5562,69.1268,827897,66.1464,50.5957,1.96E+08,3595000,0.0107
12/21/2022,50.9389,69.6311,914912,49.3084,50.9648,1.90E+08,3440659,0.0103
12/20/2022,50.2979,68.7737,849697,88.3231,50.3373,1.95E+08,3567495,0.011
12/19/2022,50.2529,68.7233,1023111,98.1131,50.3004,2.20E+08,4034635,0.0114
12/16/2022,50.5358,69.1141,833462,83.0491,50.5865,2.65E+08,4840156,0.0119
12/15/2022,51.0003,69.7319,1220505,86.255,51.0387,2.66E+08,4807272,0.0108
12/14/2022,51.9185,70.8666,1122799,93.9563,51.8692,2.13E+08,3769490,0.0127
12/13/2022,52.0145,71.0179,795910,28.1318,51.9799,3.20E+08,5682782,0.0117
12/12/2022,51.763,70.9044,871613,69.0502,51.8968,1.58E+08,2824778,0.0109
12/9/2022,51.2332,70.0345,708770,33.657,51.2601,1.68E+08,3010408,0.0114
12/8/2022,51.588,70.4505,661713,16.6562,51.5646,2.02E+08,3607188,0.0106
12/7/2022,51.2951,70.0975,947082,67.0864,51.3063,1.95E+08,3500415,0.0115
12/6/2022,51.233,70.0597,1389623,29.1836,51.2786,1.98E+08,3562831,0.0108
12/5/2022,51.5452,70.501,966059,72.1768,51.6016,1.89E+08,3369025,0.0099
12/2/2022,51.9016,70.8035,697320,16.7577,51.823,1.66E+08,2960838,0.0117
12/1/2022,51.7716,70.7531,699636,59.0574,51.7861,2.37E+08,4228194,0.0122
11/30/2022,51.7381,70.815,838791,126.2346,51.8319,2.43E+08,4311524,0.0116
11/29/2022,51.2176,70.0293,799015,73.6805,51.2568,1.84E+08,3274117,0.0114
11/28/2022,51.2333,70.0542,742375,119.2275,51.275,1.65E+08,2934474,0.0109
11/25/2022,51.5513,70.4908,698410,33.6746,51.5945,74073690,1311115,0.0111
11/23/2022,51.4005,70.2538,319832,88.9443,51.4211,1.39E+08,2472706,0.0122
11/22/2022,51.2948,70.1041,615126,56.3074,51.3116,1.92E+08,3419954,0.0113
11/21/2022,51.0095,69.7175,968336,84.2874,51.0286,2.39E+08,4278027,0.0109
11/18/2022,50.7423,69.3309,654955,196.974,50.7456,1.84E+08,3318101,0.0111
11/17/2022,50.3748,68.7946,1324204,77.821,50.3531,1.68E+08,3045986,0.0106
11/16/2022,50.4129,68.8445,569644,15.1755,50.3896,1.50E+08,2720409,0.0113
11/15/2022,50.1779,68.6699,750514,26.2321,50.2618,2.57E+08,4676962,0.0109
11/14/2022,50.1523,68.5452,793239,54.9681,50.1705,1.93E+08,3505786,0.01
11/11/2022,50.1,68.4703,539508,93.3981,50.1157,1.50E+08,2727402,0.0114
11/10/2022,50.3421,68.832,574765,41.1621,50.3804,2.58E+08,4690352,0.0112
11/9/2022,49.2717,67.2481,794370,53.7693,49.2211,1.39E+08,2560279,0.0103
11/8/2022,49.6924,67.9714,623543,36.4334,49.7506,2.19E+08,4025159,0.0112
11/7/2022,49.4258,67.5474,617175,118.399,49.4402,1.64E+08,3042389,0.0102
11/4/2022,49.0905,67.0984,649149,75.8019,49.1116,1.68E+08,3141558,0.0117
11/3/2022,48.6275,66.4499,625737,47.0548,48.6369,2.03E+08,3804271,0.0109
11/2/2022,48.7108,66.5372,617846,117.1933,48.7008,1.99E+08,3686348,0.0143
11/1/2022,49.2368,67.2356,687496,13.3402,49.212,1.63E+08,3024847,0.0121
10/31/2022,49.2244,67.3019,678927,126.7524,49.261,2.77E+08,5064159,0.0104
10/28/2022,49.2929,67.3759,1745453,115.8749,49.3152,1.82E+08,3344463,0.0123
10/27/2022,48.5693,66.3769,476002,86.0034,48.584,1.51E+08,2797049,0.0119
10/26/2022,48.396,66.1179,524812,76.6703,48.3944,2.01E+08,3752427,0.0114
10/25/2022,48.234,65.8959,763453,80.4176,48.2319,2.31E+08,4329641,0.0113
10/24/2022,47.788,65.3409,1237370,66.7904,47.8257,2.03E+08,3827137,0.0126
10/21/2022,47.3138,64.6626,1137487,60.8789,47.3292,1.12E+08,2154364,0.0146
10/20/2022,46.5985,63.6636,389820,53.7232,46.598,97742610,1883851,0.014
10/19/2022,47.0869,64.2803,382034,15.4861,47.0494,2.07E+08,3974410,0.0149
10/18/2022,47.373,64.7489,696430,82.1544,47.3924,1.55E+08,2947454,0.0148
10/17/2022,46.9541,64.1323,483192,49.8546,46.9411,1.58E+08,3039093,0.0126
10/14/2022,46.1346,63.0593,506714,28.6079,46.1557,1.48E+08,2885795,0.0144
10/13/2022,46.8059,63.9473,482249,17.8873,46.8057,2.56E+08,5004343,0.0144
10/12/2022,45.8995,62.751,780305,25.9251,45.93,1.28E+08,2510224,0.0118
10/11/2022,46.1589,63.0593,487747,64.8288,46.1557,1.68E+08,3286911,0.0125
10/10/2022,46.2132,63.2073,626155,7.67,46.264,1.52E+08,2958297,0.0123
10/7/2022,46.2885,63.2936,452861,20.4775,46.3272,1.55E+08,3006897,0.0118
10/6/2022,47.1173,64.4159,556411,20.5109,47.1487,1.52E+08,2895416,0.0118
10/5/2022,47.6459,65.1436,412499,41.7562,47.6813,1.59E+08,3027758,0.0118
10/4/2022,47.7763,65.3039,675635,-1.3195,47.7986,1.55E+08,2927731,0.015
10/3/2022,46.8301,64.0706,586806,30.432,46.8959,1.94E+08,3744816,0.0143
9/30/2022,45.7192,62.6032,581177,133.5836,45.8119,2.10E+08,4065025,0.0131
9/29/2022,46.3113,63.373,973127,35.7885,46.3753,1.48E+08,2852959,0.0129
9/28/2022,46.9583,64.2284,506117,25.8942,47.0013,1.44E+08,2749337,0.0167
9/27/2022,46.1999,63.1286,614368,73.5167,46.1964,1.83E+08,3522705,0.0144
9/26/2022,46.411,63.5686,795822,32.2899,46.5184,2.15E+08,4134240,0.0137
9/23/2022,46.9472,64.1918,838211,23.355,46.9744,2.89E+08,5522509,0.0131
9/22/2022,47.4463,64.8761,1170534,27.5622,47.4752,2.01E+08,3791120,0.0128
9/21/2022,47.6187,65.1694,663961,34.4875,47.6898,2.07E+08,3832694,0.0146
9/20/2022,48.2378,66.0126,678453,75.882,48.3068,1.53E+08,2833919,0.0119
9/19/2022,48.7334,66.6113,582580,31.0171,48.745,1.33E+08,2450425,0.0123
9/16/2022,48.4734,66.2325,337565,53.1345,48.4678,1.68E+08,3100605,0.012
9/15/2022,48.6436,66.5136,585983,88.0852,48.6735,3.02E+08,5523116,0.0114
9/14/2022,49.079,67.0513,769579,168.6295,49.0669,1.33E+08,2418164,0.0122
9/13/2022,49.0344,66.8069,469271,27.4418,48.8881,2.89E+08,5235267,0.0103
9/12/2022,50.4219,68.9698,941943,83.6212,50.4709,1.76E+08,3119199,0.0117
9/9/2022,50.1629,68.6154,672447,95.8549,50.2116,1.31E+08,2329422,0.0117
9/8/2022,49.7595,68.0166,499879,36.4621,49.7734,1.22E+08,2200281,0.0155
9/7/2022,49.5052,67.6256,552667,48.6889,49.4872,1.61E+08,2926501,0.0121
9/6/2022,48.6913,66.6236,737342,30.4481,48.754,1.22E+08,2242167,0.0123
9/2/2022,48.7176,66.538,553677,8.1675,48.6914,1.30E+08,2366950,0.0167
9/1/2022,49.251,67.2957,590219,23.1537,49.2458,1.89E+08,3455212,0.0131
8/31/2022,48.8615,66.8493,658219,35.7993,48.9159,1.63E+08,2931035,0.0197
8/30/2022,49.2329,67.3695,589353,96.5975,49.2965,2.00E+08,3579789,0.0143
8/29/2022,49.7451,68.1316,667882,69.5227,49.8542,2.45E+08,4346829,0.0125
8/26/2022,49.9634,68.4946,669669,162.9707,50.1197,2.06E+08,3604654,0.0136
8/25/2022,51.0365,69.8616,729835,70.5543,51.12,1.46E+08,2536453,0.014
8/24/2022,50.674,69.2446,538053,36.0348,50.6685,1.51E+08,2644299,0.0128
8/23/2022,50.562,69.1599,738760,128.8038,50.6066,1.51E+08,2641496,0.014
8/22/2022,50.7732,69.4261,596113,57.1197,50.8013,2.10E+08,3659490,0.0141
8/19/2022,51.174,69.9099,789660,25.8112,51.1554,1.74E+08,3008498,0.0116
8/18/2022,51.1723,69.9583,614385,86.7166,51.1908,1.37E+08,2376645,0.0133
8/17/2022,51.0771,69.8132,645302,66.4805,51.0846,1.55E+08,2691167,0.0142
8/16/2022,51.1361,69.9583,677829,69.2419,51.1908,1.66E+08,2866055,0.0115
8/15/2022,51.0521,69.8857,583310,60.6566,51.1377,1.40E+08,2430805,0.0147
8/12/2022,50.9142,69.7043,585128,44.6968,51.0049,5.00E+08,8705529,0.0149
8/11/2022,50.6942,69.3172,674744,-266.019,50.7217,1.88E+08,3273869,0.0163
8/10/2022,50.7081,69.3777,555216,64.4276,50.7659,3.42E+08,5960330,0.0132
8/9/2022,50.5242,69.0994,714396,58.7168,50.5623,1.22E+08,2136032,0.0101
8/8/2022,50.3841,68.9422,423759,81.3347,50.4472,1.35E+08,2375559,0.0118
8/5/2022,50.2839,68.7244,602009,31.3053,50.2879,1.60E+08,2825173,0.0127
8/4/2022,50.1204,68.5792,396556,55.3853,50.1817,1.45E+08,2555542,0.0142
8/3/2022,50.094,68.5551,480892,29.7259,50.164,1.84E+08,3245481,0.0171
8/2/2022,50.0003,68.3373,580307,84.8864,50.0047,1.40E+08,2482467,0.0207
8/1/2022,50.1456,68.6276,466710,43.7759,50.2171,1.50E+08,2647985,0.015
7/29/2022,50.2541,68.8729,457320,123.2122,50.3982,2.50E+08,4366432,0.0144
7/28/2022,50.2074,68.753,896127,147.4595,50.3104,1.74E+08,3044199,0.0178
7/27/2022,49.7969,68.0454,500798,71.5158,49.7927,1.58E+08,2795155,0.0166
7/26/2022,49.5093,67.7576,392181,85.1173,49.582,1.27E+08,2247939,0.0183
7/25/2022,49.5128,67.7696,426860,62.0588,49.5908,1.10E+08,1953068,0.0184
7/22/2022,49.2987,67.3978,575592,12.6948,49.3188,2.01E+08,3577956,0.0166
7/21/2022,49.1303,67.218,473299,106.7366,49.1871,1.16E+08,2081752,0.0221
7/20/2022,48.9102,66.8822,452128,46.1878,48.9414,1.30E+08,2338602,0.0161
7/19/2022,49.0275,67.0141,391708,90.5685,49.038,1.32E+08,2361367,0.0181
7/18/2022,48.3548,66.1866,468116,18.1571,48.4324,1.55E+08,2782884,0.0213
7/15/2022,48.7946,66.5943,521508,85.4074,48.7308,1.46E+08,2629481,0.0246
7/14/2022,48.141,65.8268,480448,56.9927,48.1692,1.35E+08,2471436,0.0282
7/13/2022,48.2515,65.8268,572584,19.2003,48.1692,1.70E+08,3088929,0.0322
7/12/2022,48.3907,66.2346,533353,123.7135,48.4675,1.18E+08,2123197,0.0265
7/11/2022,48.7326,66.7023,377494,15.1642,48.8098,95482030,1717597,0.0274
7/8/2022,48.793,66.5943,331521,27.7661,48.7308,1.41E+08,2530749,0.0276
7/7/2022,48.781,66.7263,370013,34.7506,48.8273,1.15E+08,2060874,0.0263
7/6/2022,48.6294,66.4984,355029,13.8968,48.6606,99869140,1804630,0.0271
7/5/2022,48.3421,66.0907,333436,24.9365,48.3622,1.53E+08,2796309,0.032
7/1/2022,48.6759,66.5584,853351,9.6402,48.7045,99710690,1809762,0.0336
6/30/2022,48.1144,65.7626,434323,74.881,48.1156,1.42E+08,2568047,0.0427
6/29/2022,48.1658,65.8574,493145,49.9038,48.185,1.14E+08,2061421,0.0314
6/28/2022,48.0865,65.7744,386951,23.5908,48.1243,1.22E+08,2179032,0.0362
6/27/2022,48.6914,66.652,494603,40.177,48.7664,1.17E+08,2084409,0.0299
6/24/2022,48.6581,66.5572,465662,33.6681,48.697,94490940,1694630,0.0415
6/23/2022,47.5818,65.0984,363533,63.0846,47.6297,94395450,1728176,0.0435
6/22/2022,47.0765,64.3987,303042,17.8213,47.1177,1.02E+08,1884765,0.035
6/21/2022,46.9353,64.1852,581152,27.1262,46.9615,91109340,1686308,0.032
6/17/2022,45.9124,62.7502,404012,20.2837,45.9116,1.45E+08,2727150,0.0473
6/16/2022,45.8788,62.6909,1047221,44.9743,45.8682,1.28E+08,2424763,0.0365
6/15/2022,46.9522,64.1378,715761,6.609,46.9268,1.14E+08,2114152,0.0515
6/14/2022,46.5599,63.7582,555710,43.2874,46.6491,1.32E+08,2455902,0.0388
6/13/2022,46.891,64.1496,597164,17.4386,46.9355,1.58E+08,2898123,0.036
6/10/2022,48.3142,66.1658,564489,43.2309,48.4106,1.41E+08,2520683,0.0369
6/9/2022,49.1538,67.3636,439332,59.8548,49.287,95417590,1664835,0.028
6/8/2022,49.9344,68.2768,414209,24.0747,49.9552,1.01E+08,1759055,0.0339
6/7/2022,50.3539,68.8461,353323,28.773,50.3717,81201040,1405788,0.0389
6/6/2022,50.0032,68.431,299090,29.0148,50.068,1.11E+08,1913072,0.026
6/3/2022,49.9167,68.2768,398757,18.7282,49.9552,86977610,1510702,0.0222
6/2/2022,50.0873,68.4073,353428,35.9536,50.0506,89897900,1566717,0.0272
6/1/2022,49.6848,67.9329,339741,5.7722,49.7035,1.29E+08,2259201,0.0263
5/31/2022,49.9217,68.2545,590309,32.9236,49.9409,2.69E+08,4628755,0.023
5/27/2022,50.2549,68.7599,733291,159.6311,50.3107,1.22E+08,2096694,0.0218
5/26/2022,49.6036,67.8078,541204,35.0611,49.6141,1.15E+08,1999925,0.0207
5/25/2022,49.0836,67.0673,490496,33.1647,49.0723,1.14E+08,1999844,0.0308
5/24/2022,48.9434,66.9145,403244,48.5122,48.9605,1.04E+08,1835451,0.0255
5/23/2022,48.7482,66.6442,644326,52.6418,48.7627,1.28E+08,2270108,0.0374
5/20/2022,48.0115,65.5863,371552,45.3465,47.9887,1.44E+08,2600320,0.0353
5/19/2022,47.8999,65.4453,539297,39.0786,47.8855,1.44E+08,2581207,0.036
5/18/2022,48.1238,65.8214,427685,4.1773,48.1607,1.80E+08,3198299,0.0405
5/17/2022,49.7535,67.9606,544142,120.3077,49.7259,1.10E+08,1906505,0.0303
5/16/2022,49.2113,67.3259,404479,26.0334,49.2615,99655180,1738659,0.0291
5/13/2022,49.1386,67.1026,335049,60.0827,49.0981,1.22E+08,2136512,0.0365
5/12/2022,48.4502,66.1975,620420,15.7127,48.4359,1.58E+08,2819272,0.052
5/11/2022,48.3511,66.1153,471746,42.2524,48.3757,1.86E+08,3283570,0.0449
5/10/2022,48.6085,66.4444,484100,61.8435,48.6165,3.45E+08,6092979,0.0338
5/9/2022,48.7076,66.6794,778429,230.3216,48.7885,1.83E+08,3203686,0.0385
5/6/2022,49.677,67.9371,627710,66.5472,49.7087,1.75E+08,3047431,0.039
5/5/2022,49.8925,68.2897,519097,21.6612,49.9667,1.72E+08,2959203,0.0716
5/4/2022,51.0185,69.7472,338492,4.351,51.0332,1.65E+08,2816464,0.0572
5/3/2022,49.987,68.3602,492413,57.8398,50.0183,1.08E+08,1862851,0.0441
5/2/2022,49.8418,68.0311,433130,45.0457,49.7775,1.66E+08,2874734,0.0519
4/29/2022,49.9525,68.3016,415060,113.0118,49.977,1.86E+08,3134324,0.0387
4/28/2022,51.4304,70.3187,648717,29.2756,51.453,2.01E+08,3352694,0.0377
4/27/2022,50.6997,69.3509,1177631,107.0033,50.7448,1.31E+08,2191082,0.0427
4/26/2022,50.5117,69.1061,361964,77.2552,50.5657,1.52E+08,2543962,0.0392
4/25/2022,51.5439,70.4702,377488,25.1628,51.5639,1.64E+08,2748244,0.0279
4/22/2022,51.3428,70.2137,501375,86.0937,51.3762,1.89E+08,3103014,0.0339
4/21/2022,52.6055,71.9277,586715,67.7035,52.6303,1.68E+08,2697986,0.0253
4/20/2022,53.055,72.5573,482063,69.3685,53.091,1.11E+08,1782784,0.0259
4/19/2022,52.6613,71.9393,348793,59.0784,52.6388,1.34E+08,2176679,0.025
4/18/2022,52.1233,71.3214,659630,91.0464,52.1867,1.27E+08,2068159,0.0274
4/14/2022,52.2845,71.4846,446760,19.8561,52.3061,2.04E+08,3310055,0.0264
4/13/2022,52.4515,71.6945,801164,131.7621,52.4597,1.22E+08,1990487,0.0299
4/12/2022,52.1744,71.2631,417661,58.4064,52.144,1.59E+08,2587475,0.0232
4/11/2022,52.3157,71.5196,749375,56.5689,52.3317,1.65E+08,2682675,0.0244
4/8/2022,52.7195,72.0559,353862,116.5104,52.7241,1.31E+08,2122010,0.0244
4/7/2022,52.6153,71.9393,916473,4.6346,52.6388,1.74E+08,2823384,0.0252
4/6/2022,52.3575,71.6129,1119346,27.7526,52.3999,1.04E+08,1706341,0.0248
4/5/2022,52.0684,71.0649,367894,-23.0139,51.999,1.29E+08,2110088,0.0214
4/4/2022,51.9482,70.9483,479360,42.722,51.9136,1.22E+08,2005603,0.0234
4/1/2022,51.9968,71.1348,299943,62.4128,52.0502,1.14E+08,1874486,0.0241
3/31/2022,51.7918,70.9064,402771,147.7976,51.8814,1.75E+08,2834500,0.0219
3/30/2022,52.0986,71.1374,1464958,81.2145,52.0504,1.33E+08,2167128,0.0197
3/29/2022,51.9613,71.1374,991837,57.0327,52.0504,1.50E+08,2442880,0.0202
3/28/2022,51.8768,71.0104,830461,112.2275,51.9575,1.14E+08,1854454,0.0219
3/25/2022,51.7546,70.791,817272,32.2321,51.7969,87510410,1431408,0.0301
3/24/2022,51.4673,70.4561,463714,42.8749,51.5519,1.41E+08,2313695,0.02
3/23/2022,51.2549,70.0865,970132,86.7967,51.2815,95668020,1574213,0.0344
3/22/2022,51.4886,70.4676,684742,48.5268,51.5603,92156880,1511183,0.0233
3/21/2022,51.4252,70.2828,305178,39.6078,51.4251,1.01E+08,1654997,0.0333
3/18/2022,51.378,70.329,282342,60.8601,51.4589,79371400,1308361,0.0353
3/17/2022,51.2488,70.0981,294691,27.3619,51.2899,73417710,1214455,0.0304
3/16/2022,50.8492,69.4283,244814,27.2931,50.7998,85406810,1426828,0.0468
3/15/2022,50.3583,68.8508,327191,27.0803,50.3774,80702200,1360399,0.0651
3/14/2022,49.579,67.8,202804,50.6578,49.6084,70245340,1193271,0.0466
3/11/2022,49.5326,67.7191,225566,20.5363,49.5493,71917740,1217464,0.0379
3/10/2022,49.8156,67.9616,163059,24.9136,49.7267,1.20E+08,2049790,0.038
3/9/2022,49.7739,68.0309,184911,26.5298,49.7774,67270180,1140937,0.0399
3/8/2022,49.0657,67.1071,527626,14.7265,49.1015,98946730,1687242,0.047
3/7/2022,49.6357,67.9847,863498,-17.4203,49.7436,1.05E+08,1768488,0.0368
3/4/2022,50.5818,69.128,168985,23.4969,50.5802,1.22E+08,2046011,0.0365
3/3/2022,50.5242,68.9779,1094490,-1.4965,50.4703,1.19E+08,1979046,0.043
3/2/2022,50.3303,68.7354,989066,-35.8763,50.2929,54336060,913548,0.0626
3/1/2022,49.5682,67.8923,107512,25.3148,49.676,88901540,1511099,0.0481
2/28/2022,50.0991,68.5887,161274,26.3981,50.1896,1.03E+08,1729069,0.0389
2/25/2022,50.2688,68.7835,255274,5.9752,50.3321,1.86E+08,3125411,0.05
2/24/2022,49.1777,67.2481,1222546,131.9,49.2086,1.99E+08,3438375,0.0482
2/23/2022,48.8882,66.8356,218111,-21.9949,48.9067,1.74E+08,2957503,0.036
2/22/2022,49.5069,67.672,883666,80.1733,49.5188,63325120,1069664,0.0453
2/18/2022,49.8697,68.222,179507,19.1899,49.9213,58958570,988848,0.0332
2/17/2022,49.9973,68.4283,127698,10.4087,50.0722,67439950,1127064,0.0343
2/16/2022,50.5064,69.1043,122742,47.7045,50.5669,69075710,1149368,0.0386
2/15/2022,50.408,68.921,141996,16.5654,50.4327,58313800,969138,0.0381
2/14/2022,50.0133,68.4168,148588,24.0482,50.0638,57613330,966759,0.0437
2/11/2022,50.1576,68.6116,110305,17.8949,50.2063,1.23E+08,2048069,0.0383
2/10/2022,50.6732,69.322,191635,-38.8842,50.7262,90748360,1492764,0.0335
2/9/2022,51.3774,70.2501,310363,43.8167,51.4053,2.05E+08,3341769,0.0307
2/8/2022,50.9489,69.6543,823504,-111.83,50.9693,1.47E+08,2423334,0.0339
2/7/2022,50.6501,69.2074,276524,75.9571,50.6423,68863210,1137640,0.0282
2/4/2022,50.7951,69.471,241659,15.1023,50.8352,1.08E+08,1789678,0.0349
2/3/2022,51.0274,69.8033,480694,21.2038,51.0783,1.17E+08,1906585,0.0336
2/2/2022,51.4973,70.4335,246955,80.6385,51.5395,1.27E+08,2077264,0.0471
2/1/2022,50.9874,69.6543,7649750,46.0647,50.9693,93494340,1543714,0.0445
1/31/2022,50.7722,69.4473,2383968,83.6159,50.8169,82332480,1357231,0.0452
1/28/2022,50.2812,68.7413,422406,24.3746,50.3003,75145150,1262648,0.0447
1/27/2022,49.3221,67.4888,589034,7.5434,49.3838,1.08E+08,1806256,0.0373
1/26/2022,49.3072,67.4774,895175,63.6356,49.3755,1.19E+08,1999787,0.039
1/25/2022,49.5735,67.8532,709224,29.589,49.6504,1.20E+08,2016666,0.0499
1/24/2022,50.1168,68.6161,485733,49.0855,50.2087,2.01E+08,3409818,0.0365
1/21/2022,49.9958,68.3997,760280,43.6086,50.0504,1.23E+08,2032024,0.0344
1/20/2022,50.511,69.1171,588014,16.5013,50.5753,99216350,1614565,0.0291
1/19/2022,50.8901,69.6522,605799,48.4983,50.9669,1.10E+08,1784173,0.0346
1/18/2022,51.1534,69.9711,401445,36.6467,51.2002,1.21E+08,1974286,0.028
1/14/2022,51.7783,70.8137,799576,69.0681,51.8167,1.22E+08,1964452,0.0241
1/13/2022,51.9175,71.0984,629901,139.8236,52.025,1.57E+08,2509462,0.0336
1/12/2022,52.2436,71.4172,434290,23.3666,52.2583,1.08E+08,1724052,0.0278
1/11/2022,52.1221,71.2464,408365,50.1619,52.1334,83051860,1331983,0.0265
1/10/2022,51.9557,71.087,473595,42.2256,52.0167,1.05E+08,1696729,0.0329
1/7/2022,52.0761,71.235,469112,28.0605,52.125,87876670,1403626,0.0242
1/6/2022,52.2268,71.4627,506932,15.6253,52.2917,1.02E+08,1619531,0.0257
1/5/2022,52.307,71.6108,352700,45.4446,52.4,85709480,1356030,0.0273
1/4/2022,52.5153,71.7816,337892,47.0838,52.525,73110480,1159840,0.0251
1/3/2022,52.3074,71.6335,303972,15.7571,52.4167,66452300,1058044,0.0236
12/31/2021,52.6235,71.9524,307814,36.0979,52.6499,57005600,902404,0.0321
12/30/2021,52.5274,71.8157,220674,4.7369,52.55,65331740,1034378,0.0304
12/29/2021,52.578,71.9077,293273,48.8582,52.6178,81856440,1287691,0.0268
12/28/2021,52.4013,71.6138,422778,38.1372,52.4027,1.06E+08,1673858,0.0234
12/27/2021,52.253,71.5799,436824,85.5202,52.3779,56786900,899645,0.0235
12/23/2021,51.9169,71.0147,314128,18.9507,51.9643,46510340,739754,0.0268
12/22/2021,51.7493,70.7434,250793,9.4144,51.7658,1.26E+08,2010997,0.0373
12/21/2021,51.4404,70.4042,248085,109.4802,51.5176,48443160,779222,0.0359
12/20/2021,51.0066,69.8277,279852,18.656,51.0957,65296890,1061696,0.0431
12/17/2021,51.3818,70.3703,228267,9.2493,51.4928,85056390,1361011,0.0407
12/16/2021,51.9975,71.1277,302960,20.1876,52.047,2.79E+08,4422548,0.042
12/15/2021,51.8333,70.8564,1513498,223.1535,51.8485,1.45E+08,2323007,0.0412
12/14/2021,51.2682,70.0877,1985980,-10.9658,51.286,1.50E+08,2420604,0.0393
12/13/2021,51.4981,70.4947,1506005,-15.4946,51.5838,82517180,1324593,0.0269
12/10/2021,51.4393,70.3138,227936,52.918,51.4514,39977840,644099,0.0325
12/9/2021,51.0622,69.8616,214684,10.8824,51.1205,38148910,616992,0.0431
12/8/2021,51.149,69.9068,234963,10.8027,51.1536,33438280,541342,0.0349
12/7/2021,51.1048,70.0199,205375,18.5503,51.2363,41377470,668766,0.0299
12/6/2021,50.6155,69.2512,204054,3.089,50.6739,57951160,947198,0.0437
12/3/2021,50.0787,68.5616,243298,22.946,50.1693,65579570,1086532,0.0462
12/2/2021,49.9801,68.3694,264663,7.5676,50.0286,45453170,752142,0.0549
12/1/2021,49.2619,67.4538,189789,19.6369,49.3586,98162890,1623758,0.032
11/30/2021,49.5339,68.0351,358830,19.3547,49.7867,1.14E+08,1864711,0.032
11/29/2021,50.5081,69.1359,687071,30.1312,50.5923,96111060,1561643,0.0294
11/26/2021,50.2456,68.9225,274539,90.6351,50.4361,53875590,877560,0.0555
11/24/2021,50.8356,69.5515,253021,18.3385,50.8964,34723040,561342,0.0283
11/23/2021,50.8278,69.5178,187790,13.9154,50.8717,41382810,669499,0.0237
11/22/2021,50.6425,69.2931,209616,15.4591,50.7074,50041440,810675,0.0225
11/19/2021,50.6347,69.2482,290825,23.1042,50.6745,45531650,737876,0.0306
11/18/2021,50.6773,69.3381,330044,16.9404,50.7402,48297140,782059,0.0196
11/17/2021,50.826,69.5178,286336,16.9547,50.8717,47574850,769257,0.0193
11/16/2021,50.9464,69.7087,209127,26.2796,51.0115,63134280,1015799,0.0179
11/15/2021,50.9328,69.6413,263377,20.1438,50.9622,50194890,809695,0.0165
11/12/2021,50.877,69.5964,226262,37.1786,50.9293,42971520,694041,0.016
11/11/2021,50.6719,69.2707,226979,12.3793,50.6909,38836770,629982,0.0211
11/10/2021,50.6904,69.2931,231446,9.247,50.7074,45045580,730724,0.026
11/9/2021,50.5551,69.1359,283489,10.7921,50.5923,50928560,828703,0.0271
11/8/2021,50.4049,68.9674,286879,32.29,50.469,73382290,1197109,0.0237
11/5/2021,50.4851,69.1246,393548,39.8593,50.5841,67611120,1098672,0.023
11/4/2021,50.6184,69.2707,247696,10.7484,50.6909,53821330,873322,0.0224
11/3/2021,50.6227,69.2931,298756,16.935,50.7074,40922900,664719,0.0279
11/2/2021,50.5583,69.192,254691,29.2539,50.6334,49586260,805435,0.029
11/1/2021,50.4565,69.0236,263483,19.9903,50.5101,54603450,888026,0.0279
10/29/2021,50.597,69.2065,310355,15.3462,50.6448,69049360,1113597,0.0251
10/28/2021,50.5413,69.2065,290267,51.0853,50.6448,89919880,1453092,0.0251
10/27/2021,50.3964,68.972,380447,47.9363,50.4732,65243710,1054400,0.0215
10/26/2021,50.6723,69.3182,421070,35.4637,50.7265,52293740,842281,0.0234
10/25/2021,50.6336,69.2847,303869,23.2551,50.702,54775990,883177,0.0308
10/22/2021,50.646,69.2735,389692,20.139,50.6938,41860860,675419,0.0193
10/21/2021,50.4378,69.0055,212629,24.7926,50.4977,46290250,750108,0.0243
10/20/2021,50.3527,68.8939,224315,24.6907,50.416,1.04E+08,1690296,0.0255
10/19/2021,50.115,68.6036,366662,72.4064,50.2035,50247380,819085,0.0239
10/18/2021,49.9224,68.2909,264159,21.4661,49.9748,52619790,860612,0.0255
10/15/2021,49.9621,68.3691,256845,35.1302,50.0319,40175380,656735,0.028
10/14/2021,49.7651,68.0564,249721,10.7003,49.8032,67837980,1114381,0.0462
10/13/2021,49.1824,67.2971,332385,42.6324,49.2475,42982170,715278,0.0359
10/12/2021,48.9691,66.9622,342420,19.5618,49.0024,48393430,806361,0.0347
10/11/2021,48.9935,67.018,314924,22.4735,49.0432,31297440,519555,0.0333
10/8/2021,49.237,67.3195,256005,8.9939,49.2639,42792620,709284,0.0276
10/7/2021,49.3282,67.4758,212751,16.5707,49.3783,40407110,667070,0.0305
10/6/2021,49.0477,67.0292,309318,13.583,49.0514,36490340,611644,0.0324
10/5/2021,48.8031,66.75,228041,12.0051,48.8471,38209740,638768,0.0274
10/4/2021,48.3837,66.2587,338651,25.3836,48.4876,56911590,960597,0.0348
10/1/2021,48.7316,66.7053,402524,19.2442,48.8144,53964950,907117,0.0349
9/30/2021,48.3443,66.1798,408753,13.4187,48.4277,61252660,1021925,0.0312
9/29/2021,48.9259,66.9903,421608,16.3645,49.0207,37396460,619394,0.0329
9/28/2021,48.6833,66.6794,247558,13.5502,48.7932,75728460,1259587,0.0329
9/27/2021,49.4353,67.6342,554613,34.4567,49.4919,44955190,736381,0.029
9/24/2021,49.6657,67.9117,448451,31.9464,49.695,36889060,603468,0.0309
9/23/2021,49.6481,67.9006,253475,13.7551,49.6869,43233100,705774,0.0239
9/22/2021,49.2767,67.3899,363674,35.1395,49.3132,47735500,785639,0.0401
9/21/2021,49.0415,67.1013,313000,13.6474,49.102,64811980,1070308,0.0346
9/20/2021,49.0868,67.1568,680853,6.0366,49.1426,1.16E+08,1932086,0.0293
9/17/2021,49.6151,67.9006,747985,55.8898,49.6869,36990270,604138,0.023
9/16/2021,49.9388,68.3003,263314,9.1607,49.9794,96658880,1574065,0.0241
9/15/2021,49.9898,68.378,395067,78.3743,50.0362,40281310,655004,0.0278
9/14/2021,49.6891,67.9339,289640,19.9982,49.7113,44202000,720859,0.0249
9/13/2021,49.9776,68.3336,350589,4.5872,50.0037,41470330,673884,0.0269
9/10/2021,49.9284,68.378,283026,3.0759,50.0362,47118430,763180,0.0206
9/9/2021,50.1465,68.6334,357966,44.5565,50.2231,52794300,852379,0.0192
9/8/2021,50.4612,69.0108,394272,15.4314,50.4993,57170880,921835,0.0209
9/7/2021,50.2643,68.7444,326959,17.0811,50.3043,73763930,1189804,0.0237
9/3/2021,50.6044,69.244,516269,43.3096,50.6699,59997620,961637,0.0203
9/2/2021,50.6548,69.3106,404618,45.1598,50.7187,56402470,904957,0.0262
9/1/2021,50.5283,69.0997,501944,21.823,50.5643,71244850,1145722,0.0258
8/31/2021,50.4536,69.0457,733014,43.537,50.5246,72595480,1160434,0.0185
8/30/2021,50.5521,69.1561,798630,59.32,50.6054,80036190,1277972,0.0175
8/27/2021,50.4349,68.9684,773999,57.8718,50.4681,66096230,1058337,0.0196
8/26/2021,50.2714,68.8359,700886,46.8143,50.3711,63422680,1017004,0.0233
8/25/2021,50.4372,68.9574,650413,35.7746,50.46,48051810,769687,0.0214
8/24/2021,50.3599,68.9022,373807,15.6055,50.4196,66023620,1057519,0.0184
8/23/2021,50.4969,69.1009,426978,28.0468,50.565,1.03E+08,1646686,0.0206
8/20/2021,50.5005,69.0126,1095762,53.1213,50.5004,41147980,658963,0.0295
8/19/2021,50.2275,68.7255,503010,3.125,50.2903,37593820,605313,0.0342
8/18/2021,50.0651,68.582,246122,43.5136,50.1852,59962780,961942,0.0235
8/17/2021,50.4452,69.0236,434066,10.8432,50.5085,43369570,695412,0.0268
8/16/2021,50.4801,69.0788,305667,24.9727,50.5489,61911190,992641,0.0175
8/13/2021,50.2139,68.6703,586382,48.418,50.2499,31418960,505568,0.0206
8/12/2021,50.0847,68.5047,288501,9.3218,50.1287,37148500,599110,0.0238
8/11/2021,50.0652,68.4936,280317,24.7942,50.1206,44667530,720331,0.0241
8/10/2021,49.9323,68.3169,516238,20.1375,49.9913,53392340,863320,0.0315
8/9/2021,49.8599,68.1844,515041,40.168,49.8944,41552520,672976,0.0199
8/6/2021,49.8646,68.1624,288087,23.1402,49.8782,45597920,738729,0.0243
8/5/2021,49.7653,68.0961,365478,18.5139,49.8297,36184590,587707,0.0253
8/4/2021,49.6419,67.9084,200481,26.1758,49.6924,38806050,630340,0.0307
8/3/2021,49.8242,68.1734,241075,26.1109,49.8863,41142100,667642,0.0242
8/2/2021,49.566,67.8311,236051,13.8742,49.6358,38752890,630294,0.0263
7/30/2021,49.6183,67.8672,279706,15.3359,49.6623,50447670,816891,0.0274
7/29/2021,49.5801,67.7792,456949,40.0825,49.5979,45779220,742613,0.024
7/28/2021,49.4117,67.6143,569781,35.4302,49.4773,57731750,938190,0.0292
7/27/2021,49.5975,67.8672,379090,41.4507,49.6623,50151380,813780,0.0279
7/26/2021,49.5198,67.7682,451885,35.4427,49.5899,59604900,967273,0.0291
7/23/2021,49.568,67.8672,469051,30.7715,49.6623,85009020,1379311,0.0262
7/22/2021,49.2519,67.3724,757284,67.7631,49.3002,26407860,431298,0.0399
7/21/2021,49.2033,67.2954,175066,3.0605,49.2439,72741660,1187997,0.0281
7/20/2021,49.1243,67.2844,297491,82.5518,49.2359,36299710,593751,0.038
7/19/2021,48.7589,66.8006,255377,21.368,48.8818,55611240,916398,0.0439
7/16/2021,49.2154,67.3614,353571,27.2688,49.2922,31516490,514140,0.0335
7/15/2021,49.2062,67.3174,236862,24.4658,49.26,31860650,521349,0.0404
7/14/2021,49.0845,67.1414,199129,24.4613,49.1313,27603120,452312,0.0262
7/13/2021,48.9381,66.9655,189018,9.1503,49.0025,28574240,468947,0.0303
7/12/2021,48.9707,67.0095,233224,22.8075,49.0347,31530760,517750,0.0286
7/9/2021,48.9439,66.9545,276742,9.1291,48.9945,58988420,969204,0.0302
7/8/2021,48.7625,66.8445,620810,53.2238,48.914,2.23E+08,3668693,0.0349
7/7/2021,48.9536,66.9985,1789386,204.5307,49.0267,33421180,549268,0.0288
7/6/2021,48.706,66.6686,253811,21.2937,48.7853,24713480,408496,0.0251
7/2/2021,48.6793,66.6356,186109,16.6462,48.7611,17735980,292857,0.0281
7/1/2021,48.5652,66.4707,137219,4.5374,48.6404,23156730,383387,0.0294
6/30/2021,48.3649,66.1698,165893,6.0357,48.4188,29075060,480165,0.0226
6/29/2021,48.3246,66.1807,226617,27.2261,48.4268,27384700,451582,0.0254
6/28/2021,48.3941,66.1698,203447,22.6695,48.4188,27711680,457626,0.0273
6/25/2021,48.3618,66.1807,184522,30.2695,48.4268,24338020,402568,0.0246
6/24/2021,48.0909,65.8093,137266,7.5623,48.155,28601950,474956,0.0234
6/23/2021,47.8571,65.4707,270164,15.0399,47.9072,22768570,379334,0.0281
6/22/2021,48.0091,65.6782,127664,5.9867,48.0591,26014710,432799,0.0324
6/21/2021,47.8937,65.5362,180625,15.0144,47.9552,29188680,487920,0.0356
6/18/2021,47.2943,64.848,232670,22.4674,47.4516,26275240,441554,0.0322
6/17/2021,47.8116,65.3614,142971,5.9163,47.8273,25913040,433507,0.0233
6/16/2021,47.7524,65.4051,172892,14.9526,47.8593,25295290,421460,0.0327
6/15/2021,48.029,65.711,158259,10.4539,48.0831,19935340,331512,0.0277
6/14/2021,47.9851,65.6673,94445,13.5185,48.0511,22636620,377491,0.0222
6/11/2021,47.9749,65.6127,182297,6.0027,48.0111,19237990,320779,0.0289
6/10/2021,47.949,65.5144,168378,13.5033,47.9392,28108920,468751,0.0293
6/9/2021,47.7023,65.3286,179231,5.9982,47.8033,25413340,424750,0.0249
6/8/2021,47.7444,65.3396,170538,20.8858,47.8113,30437930,509154,0.023
6/7/2021,47.8068,65.3833,189202,7.4658,47.8433,47874270,799513,0.0265
6/4/2021,47.8525,65.4707,322989,37.3777,47.9072,16700350,278966,0.0318
6/3/2021,47.6766,65.2412,145675,4.4896,47.7393,17336180,290756,0.0339
6/2/2021,47.622,65.132,104160,17.8925,47.6594,19779190,331804,0.0317
6/1/2021,47.5611,64.7824,111715,1.4893,47.4036,31464780,529168,0.028
5/28/2021,47.6199,65.1264,252914,25.2862,47.6567,18650070,310830,0.0302
5/27/2021,47.5142,64.9743,107698,8.9826,47.5453,28118060,469701,0.0295
5/26/2021,47.4927,65.1047,187475,16.4315,47.6408,21738220,362824,0.0312
5/25/2021,47.5326,65.0503,177894,22.3965,47.601,17520740,292344,0.041
5/24/2021,47.645,65.1807,88000,5.9774,47.6964,26828700,446814,0.0355
5/21/2021,47.4322,64.8765,242617,20.9704,47.4738,13372970,223656,0.0405
5/20/2021,47.4156,64.8765,75721,5.9648,47.4738,20006990,335126,0.0398
5/19/2021,47.0552,64.42,151821,4.472,47.1398,20080920,340433,0.0457
5/18/2021,47.2038,64.6048,102799,16.2727,47.275,28330880,474445,0.032
5/17/2021,47.5276,65.0395,167362,14.8401,47.593,21499870,359207,0.0448
5/14/2021,47.6383,65.1373,94793,22.4129,47.6646,77222010,1289761,0.0381
5/13/2021,47.1879,64.4852,642860,53.9162,47.1875,79857370,1345679,0.0396
5/12/2021,46.5287,63.8223,1016256,72.6921,46.7024,89882290,1524080,0.0387
5/11/2021,47.3034,64.7786,167612,67.2882,47.4022,29197790,490267,0.0351
5/10/2021,47.612,65.2351,171251,5.9486,47.7362,22056460,366681,0.0318
5/7/2021,47.5642,65.1047,131796,26.9432,47.6408,25043620,418201,0.0303
5/6/2021,47.4071,64.7352,99376,2.9907,47.3704,71148870,1195236,0.0321
5/5/2021,47.0893,64.4418,728271,68.5586,47.1557,18373410,309620,0.0336
5/4/2021,47.1006,64.4635,142458,8.8825,47.1716,15906760,268590,0.035
5/3/2021,47.0626,64.4309,108978,1.4808,47.1477,17203180,290269,0.0366
4/30/2021,46.802,64.0057,93018,17.7549,46.8347,17179030,289910,0.0304
4/29/2021,46.7685,64.0273,163600,2.9614,46.8505,19984560,337484,0.0335
4/28/2021,46.5443,63.6818,180555,5.9186,46.5976,16453200,278895,0.0369
4/27/2021,46.5761,63.7249,162873,10.308,46.6292,12859230,217959,0.0371
4/26/2021,46.4961,63.4766,111300,0,46.4475,28761460,488691,0.0302
4/23/2021,46.5293,63.8437,276347,25.0077,46.7161,21455440,362849,0.0325
4/22/2021,46.5602,63.6926,226920,11.7767,46.6055,26272420,445137,0.033
4/21/2021,46.6172,63.8113,239150,14.7307,46.6924,26659930,451079,0.0302
4/20/2021,46.5612,63.7034,307548,22.123,46.6134,24800170,420663,0.0313
4/19/2021,46.4182,63.5306,219431,10.3117,46.487,34410330,585028,0.0317
4/16/2021,46.4148,63.5198,186304,20.56,46.4791,13033590,221624,0.0394
4/15/2021,46.2182,63.293,131079,4.4054,46.3131,14304260,244394,0.0336
4/14/2021,45.9748,62.8826,138565,2.9245,46.0129,31821980,547307,0.0478
4/13/2021,45.9516,62.9042,132223,8.7273,46.0287,12901830,221592,0.0302
4/12/2021,45.9692,62.8502,146332,4.3614,45.9892,12968250,222878,0.0293
4/9/2021,45.8687,62.807,115900,5.8175,45.9576,16475340,283634,0.0332
4/8/2021,45.8,62.7098,144439,5.8048,45.8864,17382940,299427,0.0358
4/7/2021,45.788,62.6235,142893,17.3882,45.8232,16908400,291498,0.0627
4/6/2021,45.8601,62.7638,149776,4.3459,45.9259,17389760,299236,0.0408
4/5/2021,45.8522,62.8934,203683,11.6073,46.0208,33055680,567722,0.0351
4/1/2021,45.6686,62.5155,328443,18.8587,45.7442,15739920,272303,0.041
3/31/2021,45.526,62.3885,145552,4.3346,45.6508,13073350,224880,0.0377
3/30/2021,45.561,62.3456,110697,10.1432,45.6193,11736490,202098,0.0369
3/29/2021,45.7141,62.6032,100052,4.3504,45.8078,13195510,226732,0.0463
3/26/2021,45.5435,62.4207,142671,11.6401,45.6743,11135370,192867,0.0423
3/25/2021,45.0229,61.6156,100197,1.4496,45.0852,14495940,253745,0.0469
3/24/2021,44.7914,61.3687,88213,7.1651,44.9046,16705290,291529,0.0432
3/23/2021,44.799,61.3043,122634,18.5334,44.8574,12122100,211811,0.044
3/22/2021,44.7964,61.2721,112068,0,44.8339,8657262,151979,0.0408
3/19/2021,44.4791,60.7998,93745,8.5549,44.4883,53459120,941945,0.0496
3/18/2021,44.5446,60.9501,73283,45.3027,44.5982,7130638,125368,0.0473
3/17/2021,44.7279,61.1862,53315,7.089,44.771,9241187,162054,0.0483
3/16/2021,44.8436,61.3687,97325,2.8473,44.9046,60495780,1058988,0.0446
3/15/2021,44.792,61.2614,104555,58.5197,44.826,9785681,172034,0.0397
3/12/2021,44.6215,61.0038,88280,2.8513,44.6375,10726090,189183,0.0455
3/11/2021,44.4244,60.8105,94802,7.1012,44.4961,16178050,285180,0.0421
3/10/2021,44.2834,60.5958,152909,4.2419,44.339,62936830,1115275,0.0486
3/9/2021,43.9534,60.1772,120125,59.1981,44.0327,10517860,186958,0.0475
3/8/2021,43.6486,59.7693,85088,1.399,43.7342,19020910,339897,0.0481
3/5/2021,43.5045,59.5224,145542,9.7249,43.5536,8929665,162926,0.0529
3/4/2021,42.6219,58.4382,73023,0,42.7603,13468210,246876,0.0559
3/3/2021,43.0811,59.0286,77608,2.7132,43.1923,10054620,182229,0.0455
3/2/2021,43.5089,59.5761,107760,0,43.5929,1.08E+08,1939807,0.0555
3/1/2021,43.6571,59.6278,716905,102.477,43.6307,12311130,221339,0.0526
2/26/2021,42.9312,58.668,91023,6.9477,42.9243,80628320,1460529,0.051
2/25/2021,43.1434,59.2229,72517,70.098,43.3304,12391260,222601,0.0565
2/24/2021,43.6999,59.842,91735,8.2876,43.7833,8229750,147006,0.0469
2/23/2021,43.5945,59.6072,62609,4.1972,43.6115,10210430,183445,0.0556
2/22/2021,43.5133,59.5538,59920,4.1871,43.5724,7931364,142271,0.0388
2/19/2021,43.648,59.6925,72092,1.3931,43.674,9036586,161119,0.0255
2/18/2021,43.8111,59.9807,65196,5.5897,43.8848,12256270,218183,0.0439
2/17/2021,43.7778,59.906,99353,4.2079,43.8301,6193249,110636,0.0424
2/16/2021,43.6571,59.6819,45700,0,43.6662,8719488,155667,0.032
2/12/2021,43.7582,59.8206,58041,8.3863,43.7677,5572261,99544,0.0383
2/11/2021,43.7284,59.7993,58317,0,43.752,8959399,159912,0.0356
2/10/2021,43.7075,59.842,63789,1.4,43.7833,7025479,125304,0.0466
2/9/2021,43.7497,59.874,63516,0,43.8067,9529061,169939,0.0449
2/8/2021,43.7134,59.7459,106147,8.4041,43.713,10260500,183116,0.0453
2/5/2021,43.7199,59.7673,89613,1.3995,43.7286,10451580,186465,0.0421
2/4/2021,43.6472,59.6289,141765,2.7994,43.6274,9028702,161701,0.0461
2/3/2021,43.3225,59.2123,86098,2.7948,43.3226,12930730,232868,0.0469
2/2/2021,43.4023,59.3937,180855,12.483,43.4553,10445110,187269,0.0458
2/1/2021,42.9841,58.7747,72988,4.1687,43.0024,10052540,182528,0.0531
1/29/2021,42.5731,58.2727,96390,9.6331,42.6334,17656160,320735,0.059
1/28/2021,43.1962,59.1118,143117,2.7391,43.2473,35340480,631581,0.0488
1/27/2021,42.7659,58.8994,85396,27.7921,43.0919,28213840,505754,0.0375
1/26/2021,43.7745,59.9191,193563,17.8849,43.8379,39983390,708921,0.0231
1/25/2021,43.7853,59.9722,402540,12.6739,43.8768,67146100,1188716,0.0389
1/22/2021,43.6254,59.6748,693877,47.8909,43.6592,3710982,66022,0.0433
1/21/2021,43.652,59.6641,16372,2.8068,43.6514,2841572,50531,0.1223
1/20/2021,43.707,59.8978,7616,0,43.8224,2680884,47626,0.0548
1/19/2021,43.4806,59.3774,25092,1.406,43.4416,3585090,64113,0.047
1/15/2021,43.2985,59.218,39389,1.3988,43.325,2403367,43195,0.0432
1/14/2021,43.2075,59.1118,37374,0,43.2473,1938952,34766,0.0517
1/13/2021,43.3601,59.303,16891,1.39,43.3872,3829436,68609,0.0483
1/12/2021,43.2422,59.1137,61832,4.1846,43.2487,5109933,91843,0.0489
1/11/2021,43.3334,59.2393,39505,1.3911,43.3406,1859028,33305,0.0543
1/8/2021,43.3406,59.2393,14213,1.394,43.3406,2453136,44032,0.0564
1/7/2021,43.2273,59.0811,26321,0,43.2248,5462196,98193,0.0594
1/6/2021,43.0414,58.9737,52982,2.7812,43.1463,4342548,78090,0.0684
1/5/2021,42.8746,58.6444,48362,2.7693,42.9054,2969075,53873,0.053
1/4/2021,42.8054,58.5701,28064,1.3793,42.851,3639151,65980,0.0585
12/31/2020,43.2687,59.218,27275,1.377,43.325,1827624,32961,0.0476
12/30/2020,42.9508,58.7931,20056,0,43.0142,3189899,57568,0.0335
12/29/2020,42.9328,58.8112,14499,0,43.0275,2182042,39000,0.0436
12/28/2020,42.9717,58.7691,28847,2.7894,42.9967,1903893,34051,0.0527
12/24/2020,42.7709,58.4879,30035,0,42.7909,580994.1,10468,0.0539
12/23/2020,42.5765,58.2537,4557,1.3894,42.6196,2725381,49090,0.0484
12/22/2020,42.5993,58.1906,16790,1.3831,42.5734,1536777,27749,0.0503
12/21/2020,42.6209,58.3905,14745,1.3838,42.7197,1980502,35735,0.0573
12/18/2020,42.8301,58.6429,23642,0,42.9044,4095392,73740,0.0596
12/17/2020,42.7943,58.5482,18094,4.174,42.8351,1373269,24678,0.0397
12/16/2020,42.5397,58.1801,9350,0,42.5658,1230817,22223,0.0506
12/15/2020,42.5303,58.1906,3729,0,42.5734,1462972,26479,0.0609
12/14/2020,42.1973,57.7067,22384,0,42.2194,2591126,46969,0.0501
12/11/2020,42.2084,57.6962,13668,1.3708,42.2117,1249885,22804,0.0476
12/10/2020,42.1412,57.6436,16569,1.3711,42.1733,1401327,25543,0.0377
12/9/2020,42.2741,57.875,11901,0,42.3426,1717562,31247,0.0463
12/8/2020,42.3052,57.9276,13673,0,42.3811,3224857,58618,0.118
12/7/2020,42.3026,57.7593,49755,4.1229,42.2579,2897640,52749,0.0385
12/4/2020,42.2842,57.8645,36895,1.3742,42.3349,4321099,78694,0.0553
12/3/2020,42.1621,57.5918,21269,0,42.1353,2274141,41449,0.05
12/2/2020,42.2372,57.8067,32128,1.3696,42.2925,5410789,98579,0.053
12/1/2020,42.3821,57.9802,67870,1.3721,42.4195,3629876,65796,0.0694
11/30/2020,42.2255,57.7198,31020,2.7536,42.2272,5321976,96182,0.0576
11/27/2020,42.2431,57.8657,65888,5.5368,42.334,2099621,37822,10.9627
11/25/2020,42.229,57.6989,19615,0,42.212,1357292,24506,0.0486
11/24/2020,42.193,57.8657,10771,0,42.334,5401703,97356,0.057
11/23/2020,42.1297,57.6155,65146,2.7663,42.151,1944815,35216,0.0518
11/20/2020,42.0295,57.4904,23616,0,42.0594,1816542,32907,0.0561
11/19/2020,42.1022,57.6155,14248,0,42.151,1707973,30969,0.0552
11/18/2020,41.9949,57.5113,17533,0,42.0747,2087980,37728,0.128
11/17/2020,42.2094,57.6929,13926,0,42.2075,1824799,32942,0.0849
11/16/2020,42.3025,57.824,11955,0,42.3035,7006789,126485,0.1087
11/13/2020,42.1532,57.7093,84346,6.9336,42.2196,813827.2,14744,0.0583
11/12/2020,41.815,57.2323,3607,0,41.8706,1478152,26925,0.0557
11/11/2020,41.9593,57.4382,15381,0,42.0212,1778271,32267,0.0597
11/10/2020,41.8449,57.1985,10745,8.2528,41.8459,6875480,125220,0.0602
11/9/2020,41.5594,56.8858,37171,0,41.6171,1344882,24372,0.0978
11/6/2020,41.6172,56.7664,13067,0,41.5298,1325959,24324,0.0589
11/5/2020,41.4353,56.7481,9223,0,41.5164,1234813,22617,0.061
11/4/2020,41.1499,56.1457,5880,0,41.0756,7535327,139021,0.0766
11/3/2020,40.5361,55.3638,18080,1.3489,40.5037,1882996,35400,0.0567
11/2/2020,39.9289,54.5299,15035,2.6576,39.8936,679639.9,12994,0.0596
10/30/2020,39.3445,53.8217,3018,0,39.3704,1021201,19662,0.0527
10/29/2020,39.55,54.1428,6860,0,39.6052,2545137,48712,0.0571
10/28/2020,39.2305,53.9983,20552,0,39.4995,2291742,43635,0.0574
10/27/2020,40.2527,54.9997,17301,0,40.232,1118807,20905,0.0525
10/26/2020,40.3789,55.3712,9364,0,40.5038,2771430,51715,0.0527
10/23/2020,40.7648,55.7247,22098,1.3369,40.7624,1172307,21738,0.0513
10/22/2020,40.6406,55.5776,10936,0,40.6548,3677875,68386,0.0541
10/21/2020,40.5981,55.4228,19832,2.6911,40.5415,599058.4,11108,0.0708
10/20/2020,40.6804,55.6912,4217,1.3441,40.7379,1424583,26372,0.0579
10/19/2020,40.6088,55.6087,13173,0,40.6775,1818792,33604,0.0521
10/16/2020,40.9717,56.0362,35665,1.3445,40.9902,2407867,44260,0.0563
10/15/2020,40.8457,55.8748,52057,0,40.8722,942586,17417,0.0507
10/14/2020,40.8884,55.9906,6788,0,40.9568,1128346,20792,0.0507
10/13/2020,40.9956,56.0108,7596,0,40.9716,1036967,19121,0.0508
10/12/2020,40.9579,56.1498,3925,0,41.0734,4218732,77484,0.0456
10/9/2020,40.8765,55.8807,14800,2.7121,40.8765,882531.7,16305,0.0582
10/8/2020,40.6906,55.5776,8945,0,40.6548,1099737,20431,0.058
10/7/2020,40.405,55.2726,8357,0,40.4317,945640.7,17673,0.0571
10/6/2020,39.9511,54.628,8146,0,39.9601,2479793,46496,0.0564
10/5/2020,40.2455,55.0305,15819,5.2908,40.2546,782953.3,14702,0.0529
10/2/2020,39.809,54.4731,5664,0,39.8468,939516.9,17807,0.0592
10/1/2020,39.9207,54.5898,7181,0,39.9322,869907.1,16439,0.0553
9/30/2020,39.8094,54.6023,9297,0,39.9414,1052202,19721,0.0415
9/29/2020,39.7134,54.3463,14157,1.3288,39.7542,2380566,44690,0.0441
9/28/2020,39.8612,54.6023,20053,0,39.9414,1000173,18745,0.0542
9/25/2020,39.4209,53.9675,10304,0,39.4771,567678,10863,0.0607
9/24/2020,38.9549,53.3122,5667,0,38.9977,1477268,28399,0.0561
9/23/2020,38.8583,53.2713,16566,0,38.9678,1320925,25173,0.0549
9/22/2020,39.5547,54.1313,10366,0,39.5969,1579921,30032,0.0575
9/21/2020,39.1884,53.6808,15124,2.6407,39.2674,2856297,54876,0.0591
9/18/2020,39.5998,54.2235,25826,0,39.6643,1941645,36636,0.055
9/17/2020,39.864,54.4897,9540,0,39.859,3470720,65388,0.0581
9/16/2020,40.0833,54.8685,49228,0,40.1361,3139841,58229,0.0595
9/15/2020,40.1801,54.9606,47069,6.6899,40.2035,1650155,30692,0.0658
9/14/2020,39.9854,54.7763,20349,0,40.0687,3178283,59433,0.059
9/11/2020,39.6001,54.2132,8140,0,39.6568,2166461,40941,0.0637
9/10/2020,39.4368,54.1416,10057,0,39.6044,382952.8,7205,0.0606
9/9/2020,39.9326,54.674,1527,0,39.9938,683472.1,12777,0.056
9/8/2020,39.335,53.9368,6520,0,39.4546,1574992,29802,0.0562
9/4/2020,39.7676,54.2132,10745,1.313,39.6568,3188096,60255,0.0604
9/3/2020,39.8473,54.8973,37821,0,40.1572,1492954,27774,0.0624
9/2/2020,40.1966,55.2473,5495,0,40.4133,3154754,58579,0.0483
9/1/2020,40.0059,54.7543,18324,2.6835,40.0526,1236304,23112,0.0427
8/31/2020,40.1118,55.0163,9552,0,40.2459,1507107,27840,0.0482
8/28/2020,40.1172,54.8539,12069,0,40.1271,1958780,36299,0.0401
8/27/2020,40.0813,54.925,10300,1.3504,40.1791,1138404,21051,0.047
8/26/2020,40.0754,54.9859,8409,0,40.2237,1115651,20618,0.0523
8/25/2020,40.0602,54.8844,6865,2.698,40.1494,1514684,28035,0.0468
8/24/2020,40.0724,54.9148,23938,0,40.1717,1513674,28028,0.046
8/21/2020,39.9685,54.7016,13064,0,40.0157,663142.1,12321,0.0457
8/20/2020,39.9344,54.6356,5407,0,39.9674,691350.8,12848,0.0449
8/19/2020,39.9354,54.6407,5081,0,39.9711,1725685,31985,0.0461
8/18/2020,40.0196,54.7524,20442,0,40.0528,2725753,50479,0.0307
8/17/2020,40.0055,54.8133,36637,2.6943,40.0974,1150133,21309,0.0486
8/14/2020,39.8804,54.5696,6662,0,39.9192,609776.2,11337,0.0438
8/13/2020,39.8304,54.4784,5212,0,39.8524,683360.7,12738,0.0609
8/12/2020,39.7677,54.4986,3237,0,39.8672,1772902,33036,0.0435
8/11/2020,39.5744,54.2041,16588,0,39.6518,2319540,43386,0.0411
8/10/2020,39.7055,54.4478,15271,0,39.83,2734805,51049,0.0259
8/7/2020,39.6767,54.2971,42592,5.3462,39.7198,1006223,18871,0.0486
8/6/2020,39.4468,54.0316,11218,0,39.5255,1298504,24445,0.0447
8/5/2020,39.3982,53.9402,10742,0,39.4587,2765260,52038,0.0337
8/4/2020,39.4027,53.93,28202,0,39.4513,2229278,42030,0.0346
8/3/2020,39.3197,53.8996,29860,2.6527,39.429,2356056,44381,0.036
7/31/2020,39.2874,53.7382,31071,0,39.3103,2052785,38727,0.0446
7/30/2020,39.1741,53.6373,16077,0,39.2364,2000839,37681,0.0439
7/29/2020,39.2979,53.7665,23461,0,39.331,6488548,121848,0.0479
7/28/2020,39.1048,53.5182,40672,5.3203,39.1494,2944979,55440,0.0497
7/27/2020,39.065,53.4354,14728,0,39.0888,1745297,32989,0.0418
7/24/2020,38.9371,53.2686,23397,3.9666,38.9668,2962561,56159,0.047
7/23/2020,39.0128,53.3319,28286,0,39.0131,3777738,71329,0.0406
7/22/2020,39.0518,53.3646,44422,1.3204,39.037,594620.7,11268,0.0465
7/21/2020,38.8018,53.0893,3642,0,38.8356,15952740,302359,0.0595
7/20/2020,38.6842,52.9405,197251,15.7595,38.7268,1678689,32031,0.04
7/17/2020,38.6461,52.8958,21403,0,38.6941,684169.6,13077,0.0459
7/16/2020,38.3691,52.5567,6516,0,38.446,1361706,26206,0.0503
7/15/2020,38.2547,52.4039,14339,0,38.3342,1432488,27551,0.0938
7/14/2020,38.0957,52.176,16866,2.5896,38.1675,1209437,23550,0.0501
7/13/2020,37.6248,51.7031,13567,0,37.8216,1135894,21995,0.0491
7/10/2020,37.8447,51.7612,6057,0,37.8641,1149940,22501,0.0489
7/9/2020,37.5505,51.4252,10743,2.5618,37.6183,1878469,36909,0.0457
7/8/2020,37.769,51.6903,16614,0,37.8122,1381320,27012,0.0454
7/7/2020,37.6762,51.638,14089,0,37.7739,1376284,26855,0.0735
7/6/2020,37.8121,51.8803,11324,0,37.9512,6160294,119826,0.0539
7/2/2020,37.5363,51.3315,81405,6.399,37.5498,151725.1,2967,0.0605
7/1/2020,37.4037,51.2342,1115,0,37.4786,564479.8,11134,0.0572
6/30/2020,37.1365,50.9356,2112,0,37.258,928029.9,18374,0.0524
6/29/2020,36.7469,50.1743,1000,0,36.7012,494626.1,9857,0.0587
6/26/2020,36.2469,49.705,8926,0,36.3579,352918.6,7075,0.0522
6/25/2020,36.8377,50.3479,5754,0,36.8281,203527.3,4063,0.0543
6/24/2020,36.4896,50.2794,1102,0,36.778,85505.68,1700,0.0621
6/23/2020,37.0889,50.8081,200,0,37.1648,40450.51,795,0.0527
6/22/2020,37.1406,50.801,205,0,37.1596,529001.9,10430,0.108
6/19/2020,36.993,50.6547,5007,2.5388,37.0526,252354.8,4966,0.0542
6/18/2020,37.081,50.6919,4400,0,37.0798,315357.6,6221,0.0519
6/17/2020,37.0393,50.6314,5200,0,37.0355,517951.2,10209,0.0568
6/16/2020,36.9798,50.6481,3904,0,37.0477,21794.47,429,0.0629
6/15/2020,36.6667,50.3,142,0,36.7931,219437.6,4386,0.0684
6/12/2020,36.5258,49.93,5184,0,36.5225,182176.9,3658,0.0549
6/11/2020,36.3931,50.1328,2665,0,36.6708,223081.5,4414,0.0532
6/10/2020,37.3407,51.1053,2230,0,37.3822,214773.9,4199,0.0649
6/9/2020,37.3374,51.056,2010,0,37.3461,605380.2,11844,0.0527
6/8/2020,37.4065,51.3273,10476,1.2761,37.5445,1112305,21679,0.049
6/5/2020,37.4612,51.4194,3781,0,37.6119,367536.4,7126,0.0883
6/4/2020,37.4061,51.1417,4210,0,37.4088,247557.3,4830,0.0582
6/3/2020,37.5368,51.4392,1326,0,37.6264,514291.4,9989,0.0569
6/2/2020,37.4458,51.2274,5420,3.8488,37.4715,565674.8,11042,0.0591
6/1/2020,37.3795,51.1676,7500,0,37.4277,538801.3,10514,0.0517
5/29/2020,37.4072,51.1941,1134,0,37.4471,2825029,55291,0.0555
5/28/2020,37.2839,51.14,24545,0,37.4075,2762962,53336,0.1001
5/27/2020,36.9243,50.6274,32610,0,37.0326,17776830,352088,0.0647
5/26/2020,36.7204,50.2383,350684,0,36.748,284701.2,5638,0.1055
5/22/2020,36.6037,50.0935,2838,0,36.6421,475826.5,9518,0.0839
5/21/2020,36.4786,49.9345,4471,#N/A N/A,36.5257,308779.3,6173,0.081
,,,5500,#N/A N/A,,,,