Date,Open,High,Low,PX_LAST,PX_VOLUME,Dividends,Stock Splits,Capital Gains,Returns
2023-11-27 00:00:00-05:00,49.279998779296875,49.310001373291016,49.21009826660156,49.293800354003906,1047672,0.0,0.0,0.0,0.0012959742506770677
2023-11-24 00:00:00-05:00,49.279998779296875,49.290000915527344,49.16999816894531,49.22999954223633,1052000,0.0,0.0,0.0,-0.0004061006652522625
2023-11-22 00:00:00-05:00,49.220001220703125,49.34000015258789,49.16999816894531,49.25,2363400,0.0,0.0,0.0,0.003055020988604884
2023-11-21 00:00:00-05:00,49.11000061035156,49.130001068115234,49.040000915527344,49.099998474121094,2243200,0.0,0.0,0.0,-0.0004071754519254789
2023-11-20 00:00:00-05:00,49.0099983215332,49.13999938964844,48.9900016784668,49.119998931884766,2936200,0.0,0.0,0.0,0.003063053041506336
2023-11-17 00:00:00-05:00,48.95000076293945,49.0099983215332,48.88999938964844,48.970001220703125,2357900,0.0,0.0,0.0,0.0008175130855887502
2023-11-16 00:00:00-05:00,48.849998474121094,48.939998626708984,48.779998779296875,48.93000030517578,1927300,0.0,0.0,0.0,0.0016377038598489602
2023-11-15 00:00:00-05:00,48.939998626708984,48.939998626708984,48.779998779296875,48.849998474121094,2787200,0.0,0.0,0.0,-0.00040925840394534507
2023-11-14 00:00:00-05:00,49.0099983215332,49.0099983215332,48.779998779296875,48.869998931884766,3016700,0.0,0.0,0.0,0.007213488681348412
2023-11-13 00:00:00-05:00,48.47999954223633,48.56999969482422,48.36000061035156,48.52000045776367,1950400,0.0,0.0,0.0,0.00020618710732933643
2023-11-10 00:00:00-05:00,48.09000015258789,48.529998779296875,48.0099983215332,48.5099983215332,2556000,0.0,0.0,0.0,0.01294631321333406
2023-11-09 00:00:00-05:00,48.22999954223633,48.25,47.84000015258789,47.88999938964844,3206300,0.0,0.0,0.0,-0.004779707966367508
2023-11-08 00:00:00-05:00,48.11000061035156,48.15999984741211,47.91299819946289,48.119998931884766,2836700,0.0,0.0,0.0,0.003126906553358788
2023-11-07 00:00:00-05:00,47.84000015258789,48.06999969482422,47.7400016784668,47.970001220703125,2623700,0.0,0.0,0.0,0.004607355407395319
2023-11-06 00:00:00-05:00,47.630001068115234,47.7599983215332,47.529998779296875,47.75,2056100,0.0,0.0,0.0,0.004840057660368879
2023-11-03 00:00:00-04:00,47.279998779296875,47.650001525878906,47.27000045776367,47.52000045776367,3021500,0.0,0.0,0.0,0.008061117374530191
2023-11-02 00:00:00-04:00,46.97999954223633,47.16999816894531,46.83000183105469,47.13999938964844,2791800,0.0,0.0,0.0,0.013981451660878497
2023-11-01 00:00:00-04:00,45.869998931884766,46.540000915527344,45.83599853515625,46.4900016784668,3274300,0.418,0.0,0.0,0.016352610055332395
2023-10-31 00:00:00-04:00,45.50417222299085,45.781639269333425,45.20688961205205,45.742000579833984,2941100,0.0,0.0,0.0,0.005664467443192489
2023-10-30 00:00:00-04:00,45.30598560678982,45.623087557375904,45.15734241363547,45.48435592651367,3754500,0.0,0.0,0.0,0.011904770997630099
2023-10-27 00:00:00-04:00,45.15734290142207,45.36345954954482,44.782767494047896,44.94924545288086,3223000,0.0,0.0,0.0,0.005765031580877267
2023-10-26 00:00:00-04:00,45.38525891490388,45.48435563642591,44.542957572810344,44.69159698486328,4184900,0.0,0.0,0.0,-0.017857181779055264
2023-10-25 00:00:00-04:00,46.27711262136791,46.27711262136791,45.42489967812385,45.504173278808594,3481900,0.0,0.0,0.0,-0.021104285235157394
2023-10-24 00:00:00-04:00,46.3167516534076,46.534756892013775,46.09874263464781,46.48521041870117,2286300,0.0,0.0,0.0,0.009034161273644203
2023-10-23 00:00:00-04:00,45.80146001087915,46.475302632305635,45.52300255583006,46.06901550292969,2584600,0.0,0.0,0.0,0.0036702099986420933
2023-10-20 00:00:00-04:00,46.376203768404544,46.49511605489603,45.870823715700645,45.900550842285156,2185500,0.0,0.0,0.0,-0.011945449944022135
2023-10-19 00:00:00-04:00,46.911316077705195,47.009418622379705,46.35936073869069,46.455482482910156,1975500,0.0,0.0,0.0,-0.005304432715988461
2023-10-18 00:00:00-04:00,46.99058759225882,47.14914234531143,46.604119832076485,46.703216552734375,2233900,0.0,0.0,0.0,-0.009873951278845383
2023-10-17 00:00:00-04:00,46.941043771143406,47.3275115531362,46.73294631624783,47.16896057128906,1917900,0.0,0.0,0.0,-0.000839646167238639
2023-10-16 00:00:00-04:00,47.00050163643532,47.29778425380133,46.97077450874479,47.20859909057617,1764900,0.0,0.0,0.0,0.008040653795821084
2023-10-13 00:00:00-04:00,47.33742272875529,47.33742272875529,46.657633934834884,46.83203887939453,2337200,0.0,0.0,0.0,-0.00797651738106353
2023-10-12 00:00:00-04:00,47.37706163451418,47.53561261578629,46.999511236199446,47.20859909057617,2279700,0.0,0.0,0.0,-0.0020946781290025474
2023-10-11 00:00:00-04:00,47.228416104645454,47.34732838969185,47.041128405162866,47.30769348144531,1882600,0.0,0.0,0.0,0.005052644511751803
2023-10-10 00:00:00-04:00,46.941042330325274,47.29778297356985,46.87167651415588,47.06986618041992,1923000,0.0,0.0,0.0,0.0042283270567111675
2023-10-09 00:00:00-04:00,46.46539027624228,46.921223871144285,46.30683929626969,46.87167739868164,1768300,0.0,0.0,0.0,0.003607050185870042
2023-10-06 00:00:00-04:00,45.83118431171183,46.812221055381364,45.702360464933264,46.703216552734375,2984500,0.0,0.0,0.0,0.012677233454185588
2023-10-05 00:00:00-04:00,46.22756529758526,46.26720020712135,45.69741010848582,46.118560791015625,1913300,0.0,0.0,0.0,-0.0017159510952698964
2023-10-04 00:00:00-04:00,45.791546899259004,46.30188273936726,45.7122733006774,46.19783401489258,2124200,0.0,0.0,0.0,0.011718674943881568
2023-10-03 00:00:00-04:00,46.20774611051261,46.356385527125845,45.464537686985864,45.66272735595703,2965600,0.0,0.0,0.0,-0.016225420963071335
2023-10-02 00:00:00-04:00,46.09874200258586,46.55160439836412,46.04027436756497,46.41584396362305,2562400,0.417,0.0,0.0,0.007030305337635934
2023-09-29 00:00:00-04:00,46.47483828891651,46.582874227435966,45.95430558139327,46.09180450439453,2873500,0.0,0.0,0.0,0.0006395876692664171
2023-09-28 00:00:00-04:00,45.63019982384375,46.2833234841215,45.500557441086215,46.06234359741211,2146000,0.0,0.0,0.0,0.007735255082066628
2023-09-27 00:00:00-04:00,45.82663026106078,45.90520322171103,45.27663077620401,45.70877456665039,1867800,0.0,0.0,0.0,0.001506403489460073
2023-09-26 00:00:00-04:00,46.01323257815336,46.037787563479775,45.51234309795118,45.64002227783203,3113700,0.0,0.0,0.0,-0.01337571119283143
2023-09-25 00:00:00-04:00,45.92483861450052,46.27350141304629,45.82662616902247,46.258766174316406,1529200,0.0,0.0,0.0,0.0040502449960633236
2023-09-22 00:00:00-04:00,46.248948033421215,46.514126141292294,46.02796815014437,46.07216262817383,1630200,0.0,0.0,0.0,0.000639860518194979
2023-09-21 00:00:00-04:00,46.514128240943066,46.514128240943066,46.03287822792047,46.042701721191406,2808400,0.0,0.0,0.0,-0.017190789269580953
2023-09-20 00:00:00-04:00,47.49626873955519,47.52573172684552,46.828413552831,46.84805679321289,1671300,0.0,0.0,0.0,-0.011193991996435448
2023-09-19 00:00:00-04:00,47.34403560729061,47.44715980348519,47.06707080425029,47.37841033935547,1764300,0.0,0.0,0.0,-0.0010353227477105653
2023-09-18 00:00:00-04:00,47.28019071207717,47.515905819534545,47.23108449077154,47.427513122558594,1449000,0.0,0.0,0.0,0.0016593295554501175
2023-09-15 00:00:00-04:00,47.800728900158596,47.800728900158596,47.2654646571971,47.34894561767578,1885600,0.0,0.0,0.0,-0.01046801112412532
2023-09-14 00:00:00-04:00,47.77126529747011,47.92840746963685,47.583678538816294,47.84983825683594,1739700,0.0,0.0,0.0,0.005157870123218
2023-09-13 00:00:00-04:00,47.39804931592865,47.71233739411124,47.358766584399994,47.60430145263672,1563000,0.0,0.0,0.0,0.003935395096998695
2023-09-12 00:00:00-04:00,47.64849747487016,47.69269570079893,47.37841135899505,47.417694091796875,1265700,0.0,0.0,0.0,-0.007197148647704266
2023-09-11 00:00:00-04:00,47.64358085106469,47.78108351477209,47.49626218836779,47.76144027709961,1892400,0.0,0.0,0.0,0.008293529615037487
2023-09-08 00:00:00-04:00,47.35876774741436,47.55519264957564,47.29001828234494,47.368587493896484,1736600,0.0,0.0,0.0,0.0006224179907485805
2023-09-07 00:00:00-04:00,47.152513876814716,47.37840924983457,47.02483844440402,47.3391227722168,1680200,0.0,0.0,0.0,-0.003514532335857523
2023-09-06 00:00:00-04:00,47.71233657530719,47.741799560089255,47.34894227902652,47.50608444213867,1905400,0.0,0.0,0.0,-0.00473249034117551
2023-09-05 00:00:00-04:00,47.67304958648791,47.83019174791437,47.545370409527465,47.73197555541992,1648900,0.0,0.0,0.0,0.0010297782064787597
2023-09-01 00:00:00-04:00,47.869481678135564,47.869481678135564,47.55519358604579,47.6828727722168,1945400,0.451,0.0,0.0,2.0720795678608184e-05
2023-08-31 00:00:00-04:00,47.64295988716185,47.818118128165295,47.58457628154785,47.681884765625,2012500,0.0,0.0,0.0,0.002249856692812413
2023-08-30 00:00:00-04:00,47.39968991575024,47.6235024221693,47.31211078610094,47.57484817504883,2457300,0.0,0.0,0.0,0.004520295054344148
2023-08-29 00:00:00-04:00,46.630938729613554,47.38022599045951,46.593962690826096,47.36076354980469,2466500,0.0,0.0,0.0,0.015439159888806175
2023-08-28 00:00:00-04:00,46.660133216592364,46.70878746111484,46.37793340144871,46.64067077636719,1839100,0.0,0.0,0.0,0.005243283227816198
2023-08-25 00:00:00-04:00,46.13465871133512,46.48497521308361,45.76001694323689,46.397396087646484,2044400,0.0,0.0,0.0,0.008246904623389506
2023-08-24 00:00:00-04:00,47.27319057664022,47.27319057664022,45.998428488515735,46.01789093017578,2093800,0.0,0.0,0.0,-0.01867590994635515
2023-08-23 00:00:00-04:00,46.38766065650926,46.981252064106286,46.368201929249686,46.893672943115234,1843500,0.0,0.0,0.0,0.013459429989537197
2023-08-22 00:00:00-04:00,46.61148024202247,46.61148024202247,46.19304704598309,46.27089309692383,1500700,0.0,0.0,0.0,-0.001050369733605172
2023-08-21 00:00:00-04:00,45.87192076014999,46.37793306610295,45.794074711893096,46.31954574584961,1558000,0.0,0.0,0.0,0.014276513847911954
2023-08-18 00:00:00-04:00,45.27833063275666,45.79893885573341,45.249138827830436,45.667572021484375,1746500,0.0,0.0,0.0,-0.0012769060864188386
2023-08-17 00:00:00-04:00,46.2903557135601,46.36820547687765,45.648110014514494,45.72595977783203,1707900,0.0,0.0,0.0,-0.009485623237368124
2023-08-16 00:00:00-04:00,46.59201897489326,46.708789910286264,46.157041022818454,46.16385269165039,1878800,0.0,0.0,0.0,-0.010223225283423676
2023-08-15 00:00:00-04:00,46.95206239580815,47.039641520780975,46.55309165139436,46.64067077636719,1346400,0.0,0.0,0.0,-0.00807119356407382
2023-08-14 00:00:00-04:00,46.45578382231082,47.03964218903682,46.38766342451452,47.020179748535156,1601600,0.0,0.0,0.0,0.010455865436702405
2023-08-11 00:00:00-04:00,46.650401303274585,46.71851798972015,46.36820519317765,46.53363037109375,1680100,0.0,0.0,0.0,-0.004786662645079209
2023-08-10 00:00:00-04:00,46.99098804882608,47.36562982109756,46.59201729785291,46.757442474365234,1542800,0.0,0.0,0.0,0.0016675959691019315
2023-08-09 00:00:00-04:00,47.13695415519242,47.166149674138175,46.553095745414566,46.67959976196289,1599100,0.0,0.0,0.0,-0.009088902306062296
2023-08-08 00:00:00-04:00,47.14668244828323,47.166144888245164,46.75744107320637,47.107757568359375,2295300,0.0,0.0,0.0,-0.006770664053662112
2023-08-07 00:00:00-04:00,47.22452883385535,47.43861196288708,47.06007622630985,47.42888259887695,1240900,0.0,0.0,0.0,0.008274646645194172
2023-08-04 00:00:00-04:00,47.32184599158896,47.602096991825384,46.9812588222618,47.03964614868164,1535600,0.0,0.0,0.0,-0.0006201568983985606
2023-08-03 00:00:00-04:00,46.96179464039455,47.29264872035441,46.874215510049844,47.0688362121582,2084300,0.0,0.0,0.0,-0.001857177260442655
2023-08-02 00:00:00-04:00,47.54565542538175,47.55538478978027,47.0007182170389,47.15641403198242,2319100,0.0,0.0,0.0,-0.011827118501805622
2023-08-01 00:00:00-04:00,47.67215950499466,47.75000555654012,47.60403910578095,47.7208137512207,1450900,0.366,0.0,0.0,-0.0004892197476351612
2023-07-31 00:00:00-04:00,47.78763463167308,47.7924651364377,47.65724047979266,47.744171142578125,2311300,0.0,0.0,0.0,0.0008099494319357969
2023-07-28 00:00:00-04:00,47.531670757149236,47.75382606540491,47.49303409016685,47.70553207397461,1963000,0.0,0.0,0.0,0.009401137082918565
2023-07-27 00:00:00-04:00,47.72485180291425,47.73450912764454,47.14531651961464,47.26122283935547,2344200,0.0,0.0,0.0,-0.0004085745797870466
2023-07-26 00:00:00-04:00,47.29019779089445,47.36747112596299,47.068042479465525,47.280540466308594,1469200,0.0,0.0,0.0,-0.0006124059166716656
2023-07-25 00:00:00-04:00,47.15497011640582,47.406104754684996,47.14531279243901,47.309513092041016,1406300,0.0,0.0,0.0,0.005543015225150327
2023-07-24 00:00:00-04:00,47.12599464389343,47.17428863310638,46.92315767844194,47.04872131347656,6446700,0.0,0.0,0.0,0.0010274427616012716
2023-07-21 00:00:00-04:00,47.21292905173577,47.29019870370037,46.961794392510974,47.000431060791016,1462200,0.0,0.0,0.0,-0.0014363861584341109
2023-07-20 00:00:00-04:00,47.4157615529021,47.473716549845875,46.981108287311585,47.06803894042969,1940800,0.0,0.0,0.0,-0.009351527144189742
2023-07-19 00:00:00-04:00,47.57996431405011,47.6379193139944,47.47371900771189,47.512351989746094,1806000,0.0,0.0,0.0,-0.0006095000158071739
2023-07-18 00:00:00-04:00,47.34814879341481,47.5799614098519,47.222581476830904,47.54132843017578,1770300,0.0,0.0,0.0,0.004284781129814785
2023-07-17 00:00:00-04:00,47.097019693993154,47.377130015978864,47.097019693993154,47.33849334716797,1407200,0.0,0.0,0.0,0.004715063598748737
2023-07-14 00:00:00-04:00,47.10667949785198,47.28923277910726,47.05548572875801,47.116336822509766,1584500,0.0,0.0,0.0,0.0012314290591965982
2023-07-13 00:00:00-04:00,46.932820422217404,47.08736341630247,46.89321838849482,47.058387756347656,1561200,0.0,0.0,0.0,0.007444229933719404
2023-07-12 00:00:00-04:00,46.6333895061898,46.768614158906736,46.5454934819238,46.710662841796875,1660600,0.0,0.0,0.0,0.007920023060899783
2023-07-11 00:00:00-04:00,46.285665300546725,46.361007905595436,46.06834049954013,46.34362030029297,1494800,0.0,0.0,0.0,0.0031360640595994305
2023-07-10 00:00:00-04:00,46.23737107985465,46.30015658374977,45.96692178490735,46.19873809814453,1813600,0.0,0.0,0.0,-0.001044263061248052
2023-07-07 00:00:00-04:00,46.295326156191656,46.53679979410854,46.22771383234256,46.247032165527344,1305300,0.0,0.0,0.0,-0.0010431737134726227
2023-07-06 00:00:00-04:00,46.2856652240041,46.353281232560555,46.111807594243515,46.295326232910156,1625900,0.0,0.0,0.0,-0.0035343371797902368
2023-07-05 00:00:00-04:00,46.324305219070126,46.52714220552841,46.324305219070126,46.459529876708984,1456400,0.0,0.0,0.0,0.0016659496295325926
2023-07-03 00:00:00-04:00,46.449871696471035,46.449871696471035,46.33396537557116,46.382259368896484,1172500,0.367,0.0,0.0,0.0003541890485898591
2023-06-30 00:00:00-04:00,46.174123162941534,46.40418061534109,46.15495506049413,46.36583709716797,2246700,0.0,0.0,0.0,0.009180119397596886
2023-06-29 00:00:00-04:00,45.972820901629866,45.99199265893329,45.82903820681242,45.94406509399414,2239600,0.0,0.0,0.0,0.000626265793417291
2023-06-28 00:00:00-04:00,45.800279360632935,46.03800476643701,45.742767744585336,45.91530990600586,2281000,0.0,0.0,0.0,0.000626658248042089
2023-06-27 00:00:00-04:00,45.60857334905535,45.95365404741941,45.551058071008406,45.88655471801758,2110100,0.0,0.0,0.0,0.00885154291853496
2023-06-26 00:00:00-04:00,45.809864112860076,45.94406275050008,45.45519210579592,45.483951568603516,1482900,0.0,0.0,0.0,-0.006698819936026723
2023-06-23 00:00:00-04:00,45.79069519042969,45.9153097859384,45.64690883740896,45.79069519042969,1868900,0.0,0.0,0.0,-0.0035460998795165954
2023-06-22 00:00:00-04:00,45.68525412591302,45.953651428222656,45.661288513932945,45.953651428222656,1533700,0.0,0.0,0.0,0.005453070408992788
2023-06-21 00:00:00-04:00,45.85779239343744,45.85779239343744,45.61815092057388,45.70442199707031,3899800,0.0,0.0,0.0,-0.0029276850150462552
2023-06-20 00:00:00-04:00,45.62773736954292,45.87696656214244,45.62773736954292,45.838623046875,1324800,0.0,0.0,0.0,0.0025156499154399548
2023-06-16 00:00:00-04:00,45.876968892445916,45.886552943430154,45.714010772601306,45.72359848022461,1454000,0.0,0.0,0.0,-0.002091947795133442
2023-06-15 00:00:00-04:00,45.675667683981544,45.8577938929232,45.65649592672893,45.81945037841797,1751200,0.0,0.0,0.0,0.0020963332147800884
2023-06-14 00:00:00-04:00,45.68525496300952,45.752354289816395,45.57981211898755,45.72359848022461,1074500,0.0,0.0,0.0,0.0014695981427368388
2023-06-13 00:00:00-04:00,45.73318515220542,45.73318515220542,45.531887160248274,45.65650177001953,1373500,0.0,0.0,0.0,0.0010509356254464475
2023-06-12 00:00:00-04:00,45.445611984342996,45.61815414954886,45.397684417705584,45.60857009887695,1746400,0.0,0.0,0.0,0.0061323853684813745
2023-06-09 00:00:00-04:00,45.30182601419742,45.46478413012133,45.253898447151194,45.33058547973633,1685100,0.0,0.0,0.0,0.0016945912168535582
2023-06-08 00:00:00-04:00,45.07177240247617,45.292242137045,45.07177240247617,45.25389862060547,1188700,0.0,0.0,0.0,0.004895706085846774
2023-06-07 00:00:00-04:00,45.349756712932184,45.43602779527233,45.004672383571595,45.03342819213867,1766100,0.0,0.0,0.0,-0.006345203300700986
2023-06-06 00:00:00-04:00,45.28265928469258,45.3497586119181,45.22706008739208,45.32099914550781,2080300,0.0,0.0,0.0,0.000634965340527538
2023-06-05 00:00:00-04:00,45.234724870695366,45.36892717232479,45.22514082032697,45.292240142822266,2361100,0.0,0.0,0.0,0.0016960283256894915
2023-06-02 00:00:00-04:00,45.19638518288237,45.28265626307837,45.08135463819515,45.215553283691406,1693100,0.0,0.0,0.0,0.002550319153597158
2023-06-01 00:00:00-04:00,44.92799034787128,45.1388760518508,44.89923453610656,45.10053253173828,1343300,0.363,0.0,0.0,0.00347661191051718
2023-05-31 00:00:00-04:00,44.92525424829606,45.032739049585956,44.87769489070689,44.944278717041016,2277200,0.0,0.0,0.0,-0.0014793215342433497
2023-05-30 00:00:00-04:00,45.2106157444233,45.220129793431354,44.939523404438205,45.0108642578125,3490400,0.0,0.0,0.0,-0.000422557308699667
2023-05-26 00:00:00-04:00,44.92525919243431,45.06794090945072,44.725507691448776,45.02989196777344,2830400,0.0,0.0,0.0,0.006377503716906929
2023-05-25 00:00:00-04:00,44.84916631737644,44.84916631737644,44.4896099759942,44.74453353881836,2852600,0.0,0.0,0.0,0.012266016994350704
2023-05-24 00:00:00-04:00,44.259416584898645,44.26893063445328,44.040640616249725,44.20234680175781,1194400,0.0,0.0,0.0,-0.0023614682222899974
2023-05-23 00:00:00-04:00,44.47818928374192,44.52575227092502,44.24038886201233,44.306976318359375,1480200,0.0,0.0,0.0,-0.0047008204605701875
2023-05-22 00:00:00-04:00,44.449655337046956,44.582822995472576,44.426828150693936,44.516239166259766,1451900,0.0,0.0,0.0,0.0012836017728461435
2023-05-19 00:00:00-04:00,44.53526554815674,44.592338959309814,44.37356299270976,44.459171295166016,1545600,0.0,0.0,0.0,-0.0021349116924836986
2023-05-18 00:00:00-04:00,44.32600075156081,44.57331524219023,44.27939206832282,44.554290771484375,3523500,0.0,0.0,0.0,0.007095412814925428
2023-05-17 00:00:00-04:00,44.04063548806372,44.278435899585176,43.916978258079595,44.240386962890625,1518800,0.0,0.0,0.0,0.008018970381204138
2023-05-16 00:00:00-04:00,43.79332808722009,44.04063893801527,43.79332808722009,43.88844680786133,1525900,0.0,0.0,0.0,0.0015195466221642473
2023-05-15 00:00:00-04:00,43.75527363062966,43.85039233927779,43.59357110021861,43.82185745239258,1511800,0.0,0.0,0.0,0.0032663955572618253
2023-05-12 00:00:00-04:00,43.81235525703071,43.83137972804068,43.450897564934984,43.67918395996094,1254000,0.0,0.0,0.0,-0.0017390306676013934
2023-05-11 00:00:00-04:00,43.68869190136636,43.783810614570264,43.536499783112326,43.75527572631836,1254600,0.0,0.0,0.0,0.0030526594244564276
2023-05-10 00:00:00-04:00,43.58406333380838,43.69820652634633,43.28158042646349,43.62211227416992,1318600,0.0,0.0,0.0,0.009021057811589683
2023-05-09 00:00:00-04:00,43.32723159186831,43.33674563973065,43.203574369480556,43.232112884521484,852500,0.0,0.0,0.0,-0.003944920004739005
2023-05-08 00:00:00-04:00,43.27967833149175,43.42236004114608,43.14651067103923,43.40333557128906,1352000,0.0,0.0,0.0,0.004181351526982846
2023-05-05 00:00:00-04:00,42.88017707338761,43.31772901204338,42.81358961193875,43.22260665893555,1247400,0.0,0.0,0.0,0.014738794842259262
2023-05-04 00:00:00-04:00,42.73749219065384,42.794565598288735,42.44261836069327,42.594810485839844,995200,0.0,0.0,0.0,-0.004003707476831209
2023-05-03 00:00:00-04:00,43.00383362880993,43.213099191403174,42.72798422876374,42.76603317260742,919100,0.0,0.0,0.0,-0.0028830570170219616
2023-05-02 00:00:00-04:00,43.175046380648425,43.175046380648425,42.651886149568405,42.889686584472656,1502700,0.0,0.0,0.0,-0.005294556307865128
2023-05-01 00:00:00-04:00,43.10846309283169,43.22165560779132,43.01334436908905,43.117977142333984,1692100,0.484,0.0,0.0,0.0009717373473563384
2023-04-28 00:00:00-04:00,42.803186119041534,43.07611846923828,42.690249956613044,43.07611846923828,1923200,0.0,0.0,0.0,0.005934061215623343
2023-04-27 00:00:00-04:00,42.24791218839192,42.906713060893,42.21026560363736,42.8220100402832,1648000,0.0,0.0,0.0,0.022471815957618047
2023-04-26 00:00:00-04:00,42.02204372983339,42.247916078808444,41.82440093675991,41.8808708190918,1278700,0.0,0.0,0.0,0.00838445219867534
2023-04-25 00:00:00-04:00,42.19144319473916,42.19144319473916,41.52322892382925,41.53264236450195,1523700,0.0,0.0,0.0,-0.017368095999529265
2023-04-24 00:00:00-04:00,42.33261480450732,42.43614111650518,42.003216166492194,42.2667350769043,1380400,0.0,0.0,0.0,-0.00022260444858790418
2023-04-21 00:00:00-04:00,42.238502939942876,42.342029254407045,42.022040459779596,42.276145935058594,712000,0.0,0.0,0.0,0.0011142624418218894
2023-04-20 00:00:00-04:00,42.219681792574036,42.48320072265393,42.08792232753409,42.22909164428711,1056100,0.0,0.0,0.0,-0.004437630756277677
2023-04-19 00:00:00-04:00,42.219684854269744,42.48320380345956,42.16321496936775,42.41732406616211,729800,0.0,0.0,0.0,0.0011107299738635223
2023-04-18 00:00:00-04:00,42.52084489609025,42.54907803980292,42.28555912468213,42.370262145996094,699500,0.0,0.0,0.0,0.0011117846013100063
2023-04-17 00:00:00-04:00,42.23850482961682,42.33261770688053,42.0832153509732,42.32320785522461,727900,0.0,0.0,0.0,0.0015590153197855283
2023-04-14 00:00:00-04:00,42.172625008019196,42.323207765427306,41.993805515350985,42.257328033447266,620800,0.0,0.0,0.0,0.0006686477984894079
2023-04-13 00:00:00-04:00,41.94674942060492,42.28556152509401,41.93169222179354,42.22909164428711,828200,0.0,0.0,0.0,0.010585580054750077
2023-04-12 00:00:00-04:00,42.106743402178196,42.106743402178196,41.74252005002879,41.7867546081543,923400,0.0,0.0,0.0,-0.002919293707871695
2023-04-11 00:00:00-04:00,42.0408590336653,42.0408590336653,41.86204314359402,41.90909957885742,961200,0.0,0.0,0.0,-0.001569592920064422
2023-04-10 00:00:00-04:00,41.862047042147104,41.9843966573669,41.645584547635906,41.97498321533203,1176000,0.0,0.0,0.0,0.0
2023-04-06 00:00:00-04:00,41.805577160466534,41.99380650922556,41.645584547635906,41.97498321533203,1009500,0.0,0.0,0.0,0.0029234148080794498
2023-04-05 00:00:00-04:00,41.94674347974063,41.94674347974063,41.720871168855346,41.852630615234375,960000,0.0,0.0,0.0,-0.0020198984465720216
2023-04-04 00:00:00-04:00,42.00321951557071,42.050275954728306,41.890279753381066,41.937339782714844,994600,0.0,0.0,0.0,0.00044909824076344584
2023-04-03 00:00:00-04:00,41.89027751758056,41.93733754440261,41.74910820764237,41.918514251708984,967700,0.454,0.0,0.0,-0.0021507627966073084
2023-03-31 00:00:00-04:00,41.757314838858505,42.00886535644531,41.70048238393924,42.00886535644531,1366300,0.0,0.0,0.0,0.008273662523746728
2023-03-30 00:00:00-04:00,41.79458305208734,41.79458305208734,41.57936890890446,41.66415023803711,1201400,0.0,0.0,0.0,0.002690793657438517
2023-03-29 00:00:00-04:00,41.4498610896786,41.5793627292426,41.385575847447036,41.55234146118164,797900,0.0,0.0,0.0,0.009278055638869187
2023-03-28 00:00:00-04:00,41.20762809554032,41.20762809554032,40.94862480142107,41.17036056518555,752300,0.0,0.0,0.0,-0.00022630835036130392
2023-03-27 00:00:00-04:00,41.37532907699542,41.39396284246504,41.105144808727,41.17967987060547,862500,0.0,0.0,0.0,-0.0015811911504349796
2023-03-24 00:00:00-04:00,41.06788049558751,41.244895935058594,40.90949526740615,41.244895935058594,840100,0.0,0.0,0.0,0.003399945765686585
2023-03-23 00:00:00-04:00,41.0958255812483,41.43215737308326,40.89365475492233,41.105140686035156,1272800,0.0,0.0,0.0,0.005927668386642937
2023-03-22 00:00:00-04:00,41.123784499868755,41.42191768228699,40.80701754929589,40.862918853759766,1234300,0.0,0.0,0.0,-0.004313106510269948
2023-03-21 00:00:00-04:00,40.92812939740809,41.08651107297335,40.75111395635973,41.0399284362793,831400,0.0,0.0,0.0,0.010321015192044536
2023-03-20 00:00:00-04:00,40.57409912122528,40.68589817155891,40.32254859245381,40.62068176269531,877600,0.0,0.0,0.0,0.002298841919438299
2023-03-17 00:00:00-04:00,40.66726688613069,40.807014806856785,40.35049995684618,40.52751541137695,1149900,0.0,0.0,0.0,-0.0025222260372330663
2023-03-16 00:00:00-04:00,39.85670821794789,40.685891177264295,39.71696031756179,40.6299934387207,1420800,0.0,0.0,0.0,0.01797387729214539
2023-03-15 00:00:00-04:00,39.456090767440365,39.93124286434054,39.28839044547878,39.9126091003418,1397400,0.0,0.0,0.0,0.00445478151477352
2023-03-14 00:00:00-04:00,39.484045207333196,39.80546787915556,39.36292751216812,39.735595703125,1752600,0.0,0.0,0.0,0.01765689692280481
2023-03-13 00:00:00-04:00,38.571013071865735,39.409511192715726,38.338096334847286,39.04616165161133,1450200,0.0,0.0,0.0,0.009150037725863536
2023-03-10 00:00:00-05:00,39.2604446349225,39.36292856788563,38.598961954558916,38.6921272277832,1699300,0.0,0.0,0.0,-0.013070343037758447
2023-03-09 00:00:00-05:00,39.78217653860738,40.117577184488454,39.12069390591254,39.20454406738281,1536300,0.0,0.0,0.0,-0.013364632550366462
2023-03-08 00:00:00-05:00,39.633111772910496,39.81571769378791,39.44677767743205,39.735595703125,915600,0.0,0.0,0.0,0.0037655005525483176
2023-03-07 00:00:00-05:00,40.00577990165895,40.02441366823592,39.521312632740226,39.58653259277344,1729200,0.0,0.0,0.0,-0.00793821732974298
2023-03-06 00:00:00-05:00,40.052360166140986,40.28527688283306,39.89397495069631,39.90329360961914,1121000,0.0,0.0,0.0,0.0007009415978942446
2023-03-03 00:00:00-05:00,39.4933600290795,39.92192595778206,39.418828523839906,39.875343322753906,1239800,0.0,0.0,0.0,0.014939583750840812
2023-03-02 00:00:00-05:00,38.72007729478165,39.35361106539896,38.67162879675601,39.28839111328125,914400,0.0,0.0,0.0,0.007405483011405201
2023-03-01 00:00:00-05:00,39.22317846842804,39.344296171054665,38.85982891457564,38.99958038330078,1092100,0.433,0.0,0.0,-0.007045037306568913
2023-02-28 00:00:00-05:00,39.32239230831949,39.533575037390165,39.184065175841475,39.276283264160156,1108200,0.0,0.0,0.0,-0.0004694745438204029
2023-02-27 00:00:00-05:00,39.37772883428961,39.56216854550657,39.20250952558079,39.29473114013672,1036000,0.0,0.0,0.0,0.00756686690432784
2023-02-24 00:00:00-05:00,39.064179526192795,39.10106816931974,38.79674214036443,38.99962615966797,1093900,0.0,0.0,0.0,-0.012838341374355244
2023-02-23 00:00:00-05:00,39.60827030650573,39.626714626023436,39.07616417694448,39.50682830810547,947800,0.0,0.0,0.0,0.007052053417192061
2023-02-22 00:00:00-05:00,39.26706366154651,39.469944163555006,39.054955721887055,39.23017501831055,726600,0.0,0.0,0.0,0.001176709046494695
2023-02-21 00:00:00-05:00,39.50683361262255,39.58060738270461,39.12873380647835,39.18406677246094,934800,0.0,0.0,0.0,-0.014610373258530207
2023-02-17 00:00:00-05:00,39.801937626460095,39.81115802894946,39.48839117339862,39.76504898071289,958700,0.0,0.0,0.0,-0.0030056634749145994
2023-02-16 00:00:00-05:00,40.03248070112485,40.226140786956584,39.84804101647322,39.88492965698242,858400,0.0,0.0,0.0,-0.009163883306901432
2023-02-15 00:00:00-05:00,40.05092686830625,40.263031284173664,39.949484861175186,40.25381088256836,825400,0.0,0.0,0.0,0.00390983025911984
2023-02-14 00:00:00-05:00,39.70049413670955,40.1615916377582,39.663605492330916,40.09703826904297,698500,0.0,0.0,0.0,0.007414241296995305
2023-02-13 00:00:00-05:00,39.6082769924866,39.87571439379611,39.55294402459314,39.801937103271484,679000,0.0,0.0,0.0,0.007469817441798199
2023-02-10 00:00:00-05:00,39.79270998378855,39.79270998378855,39.29472391049322,39.50682830810547,874000,0.0,0.0,0.0,-0.002561188303537576
2023-02-09 00:00:00-05:00,40.069370012896655,40.069370012896655,39.55293959079947,39.608272552490234,866500,0.0,0.0,0.0,-0.0032489465451143174
2023-02-08 00:00:00-05:00,39.967925884699035,39.97438122065851,39.714320887795246,39.73737716674805,871100,0.0,0.0,0.0,-0.00714306206364379
2023-02-07 00:00:00-05:00,39.79732552265789,40.069374886693225,39.67283074107892,40.02326583862305,725200,0.0,0.0,0.0,0.006726891339681629
2023-02-06 00:00:00-05:00,39.73738834734622,39.835140102537,39.63594632004275,39.75583267211914,676700,0.0,0.0,0.0,-0.0013896746112782576
2023-02-03 00:00:00-05:00,39.73738345444987,40.06937422369374,39.71893913194801,39.8111572265625,1305300,0.0,0.0,0.0,-0.006444150269255933
2023-02-02 00:00:00-05:00,40.11547931253274,40.19847699665376,39.94026354289702,40.06937026977539,1341900,0.0,0.0,0.0,0.006020061700460655
2023-02-01 00:00:00-05:00,39.53449159266961,39.967924290859216,39.38694055978079,39.829593658447266,1303800,0.441,0.0,0.0,0.006548534872690581
2023-01-31 00:00:00-05:00,39.29662172562188,39.570465087890625,39.25098174559497,39.570465087890625,753000,0.0,0.0,0.0,0.010489425678153808
2023-01-30 00:00:00-05:00,39.36051891220873,39.415288978226364,39.1231889236803,39.15970230102539,1075400,0.0,0.0,0.0,-0.009923735389946398
2023-01-27 00:00:00-05:00,39.37877116497898,39.659919960336794,39.342257791747016,39.552207946777344,1249100,0.0,0.0,0.0,0.003241646340661042
2023-01-26 00:00:00-05:00,39.424407958984375,39.479178014412476,39.26010127480673,39.424407958984375,1325700,0.0,0.0,0.0,0.006056270928127772
2023-01-25 00:00:00-05:00,38.97713371463862,39.22359375579164,38.776313648045736,39.18708038330078,872700,0.0,0.0,0.0,-0.0011632902016233126
2023-01-24 00:00:00-05:00,39.20533613372563,39.30574616462531,39.14143947444525,39.23271942138672,1330600,0.0,0.0,0.0,-0.0020895276483756664
2023-01-23 00:00:00-05:00,39.15969233593459,39.369638979082076,39.00086301521931,39.31486892700195,1016900,0.0,0.0,0.0,0.008192786689084075
2023-01-20 00:00:00-05:00,38.60287800585037,38.99538803100586,38.47508469200564,38.99538803100586,911300,0.0,0.0,0.0,0.01472674988974143
2023-01-19 00:00:00-05:00,38.47509063501563,38.57549719561236,38.28522525880279,38.429447174072266,571600,0.0,0.0,0.0,-0.004492706318970141
2023-01-18 00:00:00-05:00,39.022771888505126,39.07754194471407,38.57549180139882,38.60287857055664,980300,0.0,0.0,0.0,-0.006810837824818949
2023-01-17 00:00:00-05:00,38.86759948730469,38.96800604471493,38.71241938565781,38.86759948730469,1052100,0.0,0.0,0.0,0.0025899901275137083
2023-01-13 00:00:00-05:00,38.40206602530514,38.780884486780046,38.34729595838227,38.76719284057617,551700,0.0,0.0,0.0,0.007831215377017475
2023-01-12 00:00:00-05:00,38.40206097964065,38.54811099013801,38.01868100787517,38.46595764160156,1033900,0.0,0.0,0.0,0.004289705672468669
2023-01-11 00:00:00-05:00,38.03693805673405,38.338168192515305,37.941093054105636,38.30165481567383,794000,0.0,0.0,0.0,0.011084464741112576
2023-01-10 00:00:00-05:00,37.60791250723884,37.92739580210939,37.51662907862814,37.88175582885742,524400,0.0,0.0,0.0,0.005329408315508877
2023-01-09 00:00:00-05:00,37.74483538468419,38.10996216352484,37.62069478699542,37.680938720703125,728900,0.0,0.0,0.0,0.007075031424476741
2023-01-06 00:00:00-05:00,36.88678443121054,37.580520990486285,36.54082672237436,37.41621780395508,964500,0.0,0.0,0.0,0.018384827240497392
2023-01-05 00:00:00-05:00,36.996332225250946,37.07848558438615,36.67684887422925,36.740745544433594,752200,0.0,0.0,0.0,-0.013480318599639829
2023-01-04 00:00:00-05:00,37.37971364044683,37.41622701626881,36.85302055569515,37.24279022216797,708700,0.0,0.0,0.0,0.0031966123656668177
2023-01-03 00:00:00-05:00,37.59878218437034,37.735705585362815,36.822892197697634,37.12411880493164,513300,0.0,0.0,0.0,-0.003186426595010894
2022-12-30 00:00:00-05:00,37.01458684644132,37.24279022216797,36.79551355572375,37.24279022216797,779600,0.0,0.0,0.0,-0.0012238442048271292
2022-12-29 00:00:00-05:00,36.85027543789092,37.38883547520838,36.758995492083926,37.28842544555664,583700,0.576,0.0,0.0,0.023193941145505104
2022-12-28 00:00:00-05:00,36.86608660208739,37.091044409651836,36.35318307544717,36.44316482543945,753000,0.0,0.0,0.0,-0.011954152993590483
2022-12-27 00:00:00-05:00,37.27100705636513,37.28000729070855,36.803097848016954,36.88408279418945,710400,0.0,0.0,0.0,-0.008706194265654776
2022-12-23 00:00:00-05:00,36.98306524514443,37.32050198436138,36.731113578289325,37.20802307128906,449700,0.0,0.0,0.0,0.0019384716305277383
2022-12-22 00:00:00-05:00,37.639942652474176,37.639942652474176,36.587138310139835,37.13603591918945,844300,0.0,0.0,0.0,-0.02342635788780978
2022-12-21 00:00:00-05:00,37.70293054793144,38.15284617054358,37.567954488114275,38.0268669128418,422300,0.0,0.0,0.0,0.014402385757663394
2022-12-20 00:00:00-05:00,37.396983438418275,37.66873076777407,37.11803454910709,37.48696517944336,439700,0.0,0.0,0.0,0.00023990735118051276
2022-12-19 00:00:00-05:00,38.05386540417872,38.05386540417872,37.325000836453,37.47797393798828,505800,0.0,0.0,0.0,-0.0125650726799873
2022-12-16 00:00:00-05:00,38.08085557777014,38.3778015172648,37.711924928223894,37.95487976074219,493600,0.0,0.0,0.0,-0.008229497725524726
2022-12-15 00:00:00-05:00,39.01668273657684,39.057173494343274,38.13484854185367,38.26982116699219,893600,0.0,0.0,0.0,-0.029660054232310995
2022-12-14 00:00:00-05:00,39.67355649246861,39.943505157427296,39.09766509186783,39.43960189819336,525900,0.0,0.0,0.0,-0.0036373192832563905
2022-12-13 00:00:00-05:00,40.11448061629328,40.276447090760115,39.277637240725426,39.583580017089844,791500,0.0,0.0,0.0,0.006175755664648674
2022-12-12 00:00:00-05:00,38.944694015480145,39.34062194824219,38.80072115790768,39.34062194824219,924800,0.0,0.0,0.0,0.013209568642785108
2022-12-09 00:00:00-05:00,38.95370029764838,39.18765494030729,38.782730142835895,38.82772445678711,266400,0.0,0.0,0.0,-0.005072456968228223
2022-12-08 00:00:00-05:00,38.8457136045964,39.09766868998403,38.60276218658349,39.02568054199219,282000,0.0,0.0,0.0,0.008604792099905945
2022-12-07 00:00:00-05:00,38.665743744577455,38.86820437050584,38.51277067152977,38.6927375793457,495800,0.0,0.0,0.0,-0.0027831039986031536
2022-12-06 00:00:00-05:00,39.32262782223199,39.32982595075579,38.6207570861102,38.800724029541016,796800,0.0,0.0,0.0,-0.013046304858512103
2022-12-05 00:00:00-05:00,39.43960076476766,39.59257041190088,39.196645943511896,39.313621520996094,1053200,0.0,0.0,0.0,-0.005915987422594582
2022-12-02 00:00:00-05:00,39.19665089176948,39.610572447237196,39.19665089176948,39.547584533691406,453500,0.0,0.0,0.0,-0.002496558055919529
2022-12-01 00:00:00-05:00,39.72754943012232,39.772540304259145,39.48459459068309,39.64656448364258,482600,0.546,0.0,0.0,-0.0003175134493541565
2022-11-30 00:00:00-05:00,38.690342635318935,39.659156799316406,38.601461970599175,39.659156799316406,831600,0.0,0.0,0.0,0.025982809051069422
2022-11-29 00:00:00-05:00,38.85033476206989,38.85922486385504,38.48591857222796,38.6547966003418,802300,0.0,0.0,0.0,-0.005260579199704352
2022-11-28 00:00:00-05:00,39.07253353773091,39.18808110824183,38.75255773667286,38.85921859741211,573300,0.0,0.0,0.0,-0.007491522712155363
2022-11-25 00:00:00-05:00,39.22363791643817,39.24141472800621,39.125867148104014,39.152530670166016,288400,0.0,0.0,0.0,-0.001133889465679272
2022-11-23 00:00:00-05:00,39.036987775274675,39.2858597765154,39.036987775274675,39.19697570800781,425200,0.0,0.0,0.0,0.005471883536821931
2022-11-22 00:00:00-05:00,38.73479303503412,38.99254836338311,38.50014451352401,38.98366165161133,391200,0.0,0.0,0.0,0.010832139279999264
2022-11-21 00:00:00-05:00,38.708121444596415,38.78722707119386,38.47258461940799,38.56591033935547,431500,0.0,0.0,0.0,-0.0036738571933008224
2022-11-18 00:00:00-05:00,38.89476986412126,38.89476986412126,38.47969167794576,38.7081184387207,305300,0.0,0.0,0.0,0.0029939273360026775
2022-11-17 00:00:00-05:00,38.33481976792732,38.73478957352667,38.25482580680745,38.59257507324219,687900,0.0,0.0,0.0,0.0006914068318908395
2022-11-16 00:00:00-05:00,38.64590429796476,39.01921056833488,38.49480648202509,38.56591033935547,610200,0.0,0.0,0.0,-0.005728716319081895
2022-11-15 00:00:00-05:00,39.03698504835366,39.06365196233338,38.51258433840315,38.788116455078125,1102400,0.0,0.0,0.0,0.008317869362476582
2022-11-14 00:00:00-05:00,38.54813742984234,38.71701546543641,38.397039598606106,38.468143463134766,444900,0.0,0.0,0.0,-0.003224237042261935
2022-11-11 00:00:00-05:00,38.26371251778508,38.6547956124068,38.09483788456772,38.59257507324219,552200,0.0,0.0,0.0,0.010472270975005582
2022-11-10 00:00:00-05:00,37.33045486601597,38.21038850828466,37.2771244241698,38.19261169433594,1023200,0.0,0.0,0.0,0.054996361450724285
2022-11-09 00:00:00-05:00,36.717169958448075,36.76161029792799,36.15721218737555,36.20165252685547,564200,0.0,0.0,0.0,-0.0183177502806936
2022-11-08 00:00:00-05:00,36.877159118652344,37.19713160789036,36.47274421760908,36.877159118652344,916500,0.0,0.0,0.0,0.0060619987122323415
2022-11-07 00:00:00-05:00,36.53940920986588,36.70828387460826,36.21943330565427,36.65495681762695,400100,0.0,0.0,0.0,0.010041787610794328
2022-11-04 00:00:00-04:00,36.414969274354654,36.45940961184679,35.63280645028761,36.29053497314453,677200,0.0,0.0,0.0,0.012648868765565036
2022-11-03 00:00:00-04:00,36.1749871629993,36.26386783744253,35.77501734684397,35.83723449707031,429100,0.0,0.0,0.0,-0.016825139176905757
2022-11-02 00:00:00-04:00,37.44600075402322,37.723312935934096,36.43274613920981,36.45051956176758,424900,0.0,0.0,0.0,-0.025659419236916725
2022-11-01 00:00:00-04:00,38.077065267613655,38.12150560855913,37.357119538206476,37.41044998168945,403200,0.681,0.0,0.0,-0.008223605368881559
2022-10-31 00:00:00-04:00,37.82562610331282,37.921849449831655,37.52907399181329,37.72064971923828,382900,0.0,0.0,0.0,-0.004846624532023669
2022-10-28 00:00:00-04:00,37.13454775466133,37.974338831365,36.98583287441393,37.90435791015625,427000,0.0,0.0,0.0,0.020009803443523655
2022-10-27 00:00:00-04:00,37.62441192546017,37.72938827853593,37.10828986911642,37.1607780456543,321600,0.0,0.0,0.0,-0.012322803929630033
2022-10-26 00:00:00-04:00,37.71189665583869,38.184280289151275,37.5281930218946,37.62441635131836,382700,0.0,0.0,0.0,-0.01511328975926085
2022-10-25 00:00:00-04:00,37.773128994962335,38.263008660575544,37.773128994962335,38.2017707824707,285700,0.0,0.0,0.0,0.014637543219815807
2022-10-24 00:00:00-04:00,37.45820434368041,37.755630669773055,37.04530669891726,37.650657653808594,399500,0.0,0.0,0.0,0.009380797034863386
2022-10-21 00:00:00-04:00,36.50469451412801,37.34536304021451,36.4347136087626,37.30074691772461,118300,0.0,0.0,0.0,0.018876930875830533
2022-10-20 00:00:00-04:00,36.574679946384656,37.25700964679883,36.47845327847344,36.60966873168945,195800,0.0,0.0,0.0,-0.003571545747639737
2022-10-19 00:00:00-04:00,36.72339444034151,37.053186710695236,36.49595230076063,36.74089050292969,141500,0.0,0.0,0.0,-0.0019011891499779443
2022-10-18 00:00:00-04:00,37.528196823534905,37.528196823534905,36.52219491035281,36.810874938964844,200600,0.0,0.0,0.0,0.007421600994126365
2022-10-17 00:00:00-04:00,36.23351582578312,36.684031943115535,36.23351582578312,36.53969192504883,748200,0.0,0.0,0.0,0.027552446292151922
2022-10-14 00:00:00-04:00,36.75838062280176,36.767126984165465,35.472448595244984,35.55992889404297,212500,0.0,0.0,0.0,-0.02424364354087616
2022-10-13 00:00:00-04:00,34.80760804346486,36.57466968115433,34.650146874173515,36.443450927734375,595100,0.0,0.0,0.0,0.021453618982418154
2022-10-12 00:00:00-04:00,35.69114931908279,35.94483721546283,35.63428961970077,35.67802810668945,182200,0.0,0.0,0.0,-0.0006125972563593152
2022-10-11 00:00:00-04:00,35.96233201587008,36.22914111528204,35.50744442567645,35.69989776611328,288000,0.0,0.0,0.0,-0.013059215514810374
2022-10-10 00:00:00-04:00,36.62716696416341,36.62716696416341,35.892349036682404,36.172279357910156,322800,0.0,0.0,0.0,-0.009580874348788182
2022-10-07 00:00:00-04:00,37.19577728661299,37.221145408836605,36.347236623758214,36.522193908691406,378600,0.0,0.0,0.0,-0.029971953092910675
2022-10-06 00:00:00-04:00,37.8343612660044,38.10554517236393,37.57192705757725,37.650657653808594,348300,0.0,0.0,0.0,-0.0069220390212392235
2022-10-05 00:00:00-04:00,37.51944056803826,38.035562647198226,37.20451816895325,37.91309356689453,178900,0.0,0.0,0.0,0.0011547031210226155
2022-10-04 00:00:00-04:00,37.60693139841396,37.96559237847879,37.57193926937518,37.86936569213867,247300,0.0,0.0,0.0,0.023888641583429626
2022-10-03 00:00:00-04:00,36.46970247571903,37.15203549251675,36.26850278391725,36.98582458496094,321300,0.38,0.0,0.0,0.024472625378499924
2022-09-30 00:00:00-04:00,36.57037695556301,37.00204532470482,36.1023063659668,36.1023063659668,419800,0.0,0.0,0.0,-0.0165285297043829
2022-09-29 00:00:00-04:00,37.203129775884456,37.203129775884456,36.32592880611277,36.70905303955078,383900,0.0,0.0,0.0,-0.02441858567196553
2022-09-28 00:00:00-04:00,36.9691044408181,37.766560646592524,36.804409954322104,37.627872467041016,398100,0.0,0.0,0.0,0.018536185326332166
2022-09-27 00:00:00-04:00,37.37648939326488,37.57585339288909,36.63364166527698,36.94308853149414,2981900,0.0,0.0,0.0,-0.0007037291142331092
2022-09-26 00:00:00-04:00,37.02978063927289,37.523857489944064,36.84774971540427,36.9691047668457,303600,0.0,0.0,0.0,-0.0025722961043912473
2022-09-23 00:00:00-04:00,37.34182512850149,37.34182512850149,36.63104457242372,37.06444549560547,372600,0.0,0.0,0.0,-0.013837624706193097
2022-09-22 00:00:00-04:00,37.74055064840054,37.93124479330856,37.4458379081757,37.58452606201172,405300,0.0,0.0,0.0,-0.011400062993086713
2022-09-21 00:00:00-04:00,38.75471320414876,39.22278703639601,37.965923586067035,38.0179328918457,348900,0.0,0.0,0.0,-0.014824527932590925
2022-09-20 00:00:00-04:00,38.616014589245935,38.82404844953403,38.33430337896279,38.59001159667969,282400,0.0,0.0,0.0,-0.008463522969738069
2022-09-19 00:00:00-04:00,38.35598432949604,38.91940689086914,38.340380546105074,38.91940689086914,270100,0.0,0.0,0.0,0.008988986506185626
2022-09-16 00:00:00-04:00,38.459992459727964,38.632487144268886,38.14794330279934,38.57267761230469,357000,0.0,0.0,0.0,-0.006252935439927998
2022-09-15 00:00:00-04:00,39.162109805802345,39.4134831484529,38.62469355777346,38.81538772583008,420000,0.0,0.0,0.0,-0.013656417898931239
2022-09-14 00:00:00-04:00,39.26612392064143,39.43948495538905,38.98874758767992,39.352806091308594,276100,0.0,0.0,0.0,0.006428847032815543
2022-09-13 00:00:00-04:00,40.08091592686645,40.1502583501266,39.00608026034991,39.1014289855957,663700,0.0,0.0,0.0,-0.04630022129114042
2022-09-12 00:00:00-04:00,40.84370074998537,41.025731644823146,40.73968545763989,40.999725341796875,280000,0.0,0.0,0.0,0.009605207945946326
2022-09-09 00:00:00-04:00,40.089581369327355,40.60966110229492,40.08004517443475,40.60966110229492,299800,0.0,0.0,0.0,0.020474816588135658
2022-09-08 00:00:00-04:00,39.39614045522389,39.99249982503104,39.23664726566637,39.79486846923828,280700,0.0,0.0,0.0,0.00459502690126512
2022-09-07 00:00:00-04:00,38.99741783644335,39.74286467189401,38.94280624977043,39.61284637451172,523700,0.0,0.0,0.0,0.017590810562913672
2022-09-06 00:00:00-04:00,39.11876752914214,39.29212855652769,38.67669674397965,38.928070068359375,290800,0.0,0.0,0.0,-0.00421284955707657
2022-09-02 00:00:00-04:00,39.97690027450822,40.08091887693408,38.910734399042894,39.0927619934082,232900,0.0,0.0,0.0,-0.011831962507996119
2022-09-01 00:00:00-04:00,39.45682910283914,39.70820248703421,38.74605169735382,39.56084442138672,322800,0.546,0.0,0.0,-0.0011815574560725128
2022-08-31 00:00:00-04:00,40.13014603648454,40.28347219796552,39.57337967740966,39.607643127441406,227700,0.0,0.0,0.0,-0.00559145576675979
2022-08-30 00:00:00-04:00,40.412818418640484,40.49847378427543,39.52627198739348,39.830352783203125,438400,0.0,0.0,0.0,-0.011269193831156543
2022-08-29 00:00:00-04:00,40.32715558842829,40.59268913327189,40.138709897861496,40.284324645996094,271000,0.0,0.0,0.0,-0.011351632867411476
2022-08-26 00:00:00-04:00,42.160204165213024,42.160204165213024,40.68690873996306,40.74686813354492,467800,0.0,0.0,0.0,-0.031555476535802596
2022-08-25 00:00:00-04:00,41.71479422378637,42.07455062866211,41.57089166183608,42.07455062866211,178800,0.0,0.0,0.0,0.013828471326204017
2022-08-24 00:00:00-04:00,41.38930534953982,41.69766990421628,41.33876953168467,41.50065994262695,369800,0.0,0.0,0.0,0.0024829981525409384
2022-08-23 00:00:00-04:00,41.42356506483004,41.714797866009164,41.33790643651703,41.39786911010742,351900,0.0,0.0,0.0,-0.0008267975965416952
2022-08-22 00:00:00-04:00,41.8861076067092,41.8861076067092,41.34646973947005,41.432125091552734,223100,0.0,0.0,0.0,-0.017868150591254017
2022-08-19 00:00:00-04:00,42.511405526722136,42.511405526722136,42.100253909686224,42.185909271240234,221700,0.0,0.0,0.0,-0.010050259353301949
2022-08-18 00:00:00-04:00,42.622757191854895,42.71698005086053,42.442878970594656,42.614192962646484,547700,0.0,0.0,0.0,0.0028219995674896303
2022-08-17 00:00:00-04:00,42.53710182052246,42.68271985737535,42.35722359930061,42.4942741394043,236300,0.0,0.0,0.0,-0.004614671284197347
2022-08-16 00:00:00-04:00,42.69984459345024,42.802634940224266,42.49427043498684,42.691280364990234,262900,0.0,0.0,0.0,-0.0012024379690873666
2022-08-15 00:00:00-04:00,42.63132120538322,42.76837173431835,42.537098354076136,42.74267578125,273300,0.0,0.0,0.0,0.0024106733084088283
2022-08-12 00:00:00-04:00,42.434310791438,42.66558416904876,42.30582449247348,42.63988494873047,533300,0.0,0.0,0.0,0.010761310715654782
2022-08-11 00:00:00-04:00,42.46857784594513,42.486565667924026,42.100253909686224,42.185909271240234,666200,0.0,0.0,0.0,-0.0018239027203743596
2022-08-10 00:00:00-04:00,42.36577992791055,42.36577992791055,42.072834984044526,42.26299285888672,177500,0.0,0.0,0.0,0.01334953620855095
2022-08-09 00:00:00-04:00,41.843284527888805,41.84414389165748,41.60687453539035,41.706233978271484,131200,0.0,0.0,0.0,-0.004498090087274753
2022-08-08 00:00:00-04:00,42.07455825824943,42.22874053616689,41.82615638164275,41.89468002319336,111300,0.0,0.0,0.0,0.0018436031577153678
2022-08-05 00:00:00-04:00,41.75762558535131,41.9160915972213,41.64370271375416,41.81758499145508,166700,0.0,0.0,0.0,-0.0032665478891686917
2022-08-04 00:00:00-04:00,41.88610817633035,41.98889525373585,41.808157687771825,41.95463180541992,157500,0.0,0.0,0.0,-0.0006122731043364249
2022-08-03 00:00:00-04:00,41.80902449858606,42.05742637426719,41.749065087124116,41.9803352355957,258000,0.0,0.0,0.0,0.009266912011245854
2022-08-02 00:00:00-04:00,41.474957070474254,41.826152546058346,41.43384484983972,41.594879150390625,113100,0.0,0.0,0.0,-0.0018498623588161234
2022-08-01 00:00:00-04:00,41.75762190603754,41.920368384330466,41.52634853106826,41.671966552734375,259600,0.407,0.0,0.0,-0.001907913959859786
2022-07-29 00:00:00-04:00,41.54774998916789,41.83657111736399,41.377854636025894,41.751625061035156,783700,0.0,0.0,0.0,0.00986219754824913
2022-07-28 00:00:00-04:00,41.28442061451245,41.369369928990096,40.84524416238481,41.3438835144043,286100,0.0,0.0,0.0,0.002471666526844274
2022-07-27 00:00:00-04:00,40.5963485927827,41.326896487718905,40.43494651709658,41.241947174072266,164100,0.0,0.0,0.0,0.025993252432496172
2022-07-26 00:00:00-04:00,40.774736320738974,40.774736320738974,40.03569513226135,40.19709396362305,111900,0.0,0.0,0.0,-0.010041885265337891
2022-07-25 00:00:00-04:00,41.00409682472585,41.00409682472585,40.434947747669646,40.60484313964844,142200,0.0,0.0,0.0,0.0035691455961743834
2022-07-22 00:00:00-04:00,40.80022150173016,40.944633718358,40.35000146965554,40.46043395996094,232500,0.0,0.0,0.0,-0.011825713963621975
2022-07-21 00:00:00-04:00,40.766244782443046,40.94463348388672,40.39247427600674,40.94463348388672,142600,0.0,0.0,0.0,0.0060531586934249315
2022-07-20 00:00:00-04:00,40.4349423500341,40.76623977838634,40.34999628562664,40.698280334472656,139300,0.0,0.0,0.0,0.007358978561916363
2022-07-19 00:00:00-04:00,40.02719995596,40.43494694431704,39.88279098196241,40.400970458984375,208000,0.0,0.0,0.0,0.017108781247710203
2022-07-18 00:00:00-04:00,40.18010249884077,40.26505180707864,39.619450026409865,39.72138595581055,122200,0.0,0.0,0.0,-0.0010682225333461526
2022-07-15 00:00:00-04:00,39.66192343900445,39.823325505955204,39.483534750728694,39.76386260986328,113500,0.0,0.0,0.0,0.012108178982467965
2022-07-14 00:00:00-04:00,39.02481661544093,39.364607356841724,38.53212360494292,39.28815460205078,163100,0.0,0.0,0.0,0.004124854755545693
2022-07-13 00:00:00-04:00,38.65105591993211,39.343375864890284,38.549119976490125,39.12676239013672,145800,0.0,0.0,0.0,-0.0010840499545333726
2022-07-12 00:00:00-04:00,39.568477369209695,39.721379618674355,38.99083512728807,39.16922378540039,424300,0.0,0.0,0.0,-0.00796058344569639
2022-07-11 00:00:00-04:00,39.84031639281749,39.84031639281749,39.36970725408045,39.48353576660156,154400,0.0,0.0,0.0,-0.009799760007048852
2022-07-08 00:00:00-04:00,39.68741227067823,39.98472676925741,39.5005270198656,39.87429428100586,387700,0.0,0.0,0.0,0.0004262872818328045
2022-07-07 00:00:00-04:00,39.526009401754536,39.908273206899004,39.45805319222048,39.857303619384766,397700,0.0,0.0,0.0,0.014705842363858412
2022-07-06 00:00:00-04:00,39.18622046575981,39.48183693365862,38.92288246712129,39.2796630859375,221500,0.0,0.0,0.0,0.003907828975886041
2022-07-05 00:00:00-04:00,38.25180221743029,39.21680575283572,37.84405520317714,39.12676239013672,286500,0.0,0.0,0.0,0.014761102634579748
2022-07-01 00:00:00-04:00,38.42169389983649,38.55760955810547,38.01394692502956,38.55760955810547,209100,0.34,0.0,0.0,-0.0006604493467977646
2022-06-30 00:00:00-04:00,38.5325040743001,38.717997527292134,37.790520613108626,38.583091735839844,169200,0.0,0.0,0.0,-0.004784731366956008
2022-06-29 00:00:00-04:00,38.777022441104215,38.85290715102449,38.43722825236952,38.76858901977539,208000,0.0,0.0,0.0,0.00239815225692519
2022-06-28 00:00:00-04:00,39.74665455298856,39.883245736465774,38.642114436296964,38.675838470458984,163300,0.0,0.0,0.0,-0.022170203609756522
2022-06-27 00:00:00-04:00,39.923720694298304,39.949017742267195,39.41360805390144,39.552730560302734,72600,0.0,0.0,0.0,-0.004879096081635836
2022-06-24 00:00:00-04:00,39.15644424984171,39.74665832519531,39.10585658559378,39.74665832519531,150800,0.0,0.0,0.0,0.029482386944002625
2022-06-23 00:00:00-04:00,38.583093759600935,38.836044946198584,38.14380641139959,38.60839080810547,59000,0.0,0.0,0.0,0.009034792054822383
2022-06-22 00:00:00-04:00,37.95072303343358,38.69270654933142,37.95072303343358,38.2626953125,234300,0.0,0.0,0.0,-0.0019792585800043616
2022-06-21 00:00:00-04:00,38.136216974753935,38.54936777106454,38.00974460426457,38.33857727050781,28300,0.0,0.0,0.0,0.023177342541924162
2022-06-17 00:00:00-04:00,37.30148964335005,37.7062070320082,36.95579333951239,37.47011947631836,42500,0.0,0.0,0.0,0.008624463307113528
2022-06-16 00:00:00-04:00,37.68934627899883,37.68934627899883,36.761866044919294,37.149723052978516,64600,0.0,0.0,0.0,-0.03567484700241175
2022-06-15 00:00:00-04:00,38.20366392863926,38.958294157464124,37.86639790783907,38.52406311035156,79100,0.0,0.0,0.0,0.022376183256555215
2022-06-14 00:00:00-04:00,37.83267761875012,37.90856232656268,37.31834828984363,37.680908203125,149900,0.0,0.0,0.0,0.0
2022-06-13 00:00:00-04:00,38.237394988281196,38.34279023710932,37.52070858281303,37.680908203125,137600,0.0,0.0,0.0,-0.04078131007058705
2022-06-10 00:00:00-04:00,39.940582341970554,39.97430959331948,39.19860211074048,39.28291702270508,91900,0.0,0.0,0.0,-0.02755143803251847
2022-06-09 00:00:00-04:00,41.104137692497495,41.366361706674574,40.35372420617241,40.39588165283203,83200,0.0,0.0,0.0,-0.01864016329650464
2022-06-08 00:00:00-04:00,41.44984507839767,41.593184295380524,41.0729528363329,41.163169860839844,66400,0.0,0.0,0.0,-0.006107404025389784
2022-06-07 00:00:00-04:00,40.89335528958811,41.48525470578734,40.70785862809623,41.416114807128906,83900,0.0,0.0,0.0,0.005527118426185584
2022-06-06 00:00:00-04:00,41.643769543381595,41.71122404543993,41.01983148138049,41.18846130371094,125600,0.0,0.0,0.0,0.004317315780186792
2022-06-03 00:00:00-04:00,41.44141658240145,41.44141658240145,40.85963270184278,41.01140213012695,198700,0.0,0.0,0.0,-0.019018510541207734
2022-06-02 00:00:00-04:00,40.92708217732944,41.81240158917073,40.750018938242704,41.80649948120117,28800,0.0,0.0,0.0,0.022793750792107437
2022-06-01 00:00:00-04:00,41.44984509825475,41.51729960425731,40.61511327671628,40.87480926513672,38000,0.376,0.0,0.0,-0.006842673926960696
2022-05-31 00:00:00-04:00,41.609929682415554,41.609929682415554,40.915456338054376,41.156429290771484,27100,0.0,0.0,0.0,-0.000528133850480228
2022-05-27 00:00:00-04:00,40.6393304743448,41.17817687988281,40.6393304743448,41.17817687988281,30500,0.0,0.0,0.0,0.024139343364092847
2022-05-26 00:00:00-04:00,39.38426166417397,40.354853077326325,39.38426166417397,40.20759201049805,17700,0.0,0.0,0.0,0.022208211548118806
2022-05-25 00:00:00-04:00,38.77345434874791,39.52147996639172,38.77345434874791,39.33405303955078,44400,0.0,0.0,0.0,0.012055919522246716
2022-05-24 00:00:00-04:00,39.074672962444474,39.074672962444474,38.2597116629842,38.86549377441406,19600,0.0,0.0,0.0,-0.014449019058930368
2022-05-23 00:00:00-04:00,39.26711487003665,39.48465980699108,38.82030782161072,39.43529510498047,109900,0.0,0.0,0.0,0.011828865038144842
2022-05-20 00:00:00-04:00,39.727316956212974,39.727316956212974,37.86394747438173,38.974273681640625,20800,0.0,0.0,0.0,-0.0023559225032635522
2022-05-19 00:00:00-04:00,39.11651504558641,39.534873495271825,38.79856173011542,39.06631088256836,30500,0.0,0.0,0.0,-0.006595696922512495
2022-05-18 00:00:00-04:00,40.63933639801875,40.65607111772802,39.11651201451078,39.32569122314453,26000,0.0,0.0,0.0,-0.039620766897127346
2022-05-17 00:00:00-04:00,40.84015114829576,40.94808578491211,40.38832327716559,40.94808578491211,22600,0.0,0.0,0.0,0.018501606510716417
2022-05-16 00:00:00-04:00,40.48036078995974,40.48036078995974,40.00343245620123,40.20424270629883,27200,0.0,0.0,0.0,-0.005175976596864529
2022-05-13 00:00:00-04:00,40.011797941637205,40.44689106958323,39.49805514369362,40.413421630859375,21200,0.0,0.0,0.0,0.03454934450900504
2022-05-12 00:00:00-04:00,38.81528757955537,39.563313159266166,38.38856346280922,39.06379318237305,30400,0.0,0.0,0.0,-0.004329370941731248
2022-05-11 00:00:00-04:00,39.92812668299565,40.37660630011429,39.11651036631182,39.23365020751953,27000,0.0,0.0,0.0,-0.02440536091733081
2022-05-10 00:00:00-04:00,40.44688547730025,40.672799369718824,39.82771371380256,40.21511459350586,9800,0.0,0.0,0.0,0.00718759742002395
2022-05-09 00:00:00-04:00,40.99075802304486,40.99075802304486,39.79425272657525,39.92812728881836,21700,0.0,0.0,0.0,-0.030278125278807577
2022-05-06 00:00:00-04:00,41.30869829139771,41.484411205916864,40.664426116349006,41.17482376098633,10800,0.0,0.0,0.0,-0.01343242151114199
2022-05-05 00:00:00-04:00,42.67255352143278,42.67255352143278,41.17482979846701,41.73543167114258,48500,0.0,0.0,0.0,-0.023779283874140855
2022-05-04 00:00:00-04:00,41.91950918776344,42.82316483763505,41.44258088093827,42.752044677734375,13500,0.0,0.0,0.0,
